Workbook

Sheet Instructions
B2: DRAFT Attachment 1 - NCCS Pricing Template
B4: Instructions for Completing the "Labor Rates" Tab: Contractor must complete all yellow fields. The rates proposed in this tab will be incorporated into the contract for the specified period. The Government will use these rates, applied to the evaluation quantities, to calculate the total evaluated price for best value tradeoff.
B6: (2). "Labor Rate" tab: Contractor must complete all yellow fields as follows: (1) Cell B4: Enter the escalation factor that will be applied to out-year pricing. (2) Cell B5: Enter the "Top Secret" rate multiplier, which will be applied to the "SBU / Secret / Remote" rate to determine the "Top Secret" rate. (3) All other yellow fields: Propose a rate for each labor category listed.
B7: All yellow shaded areas must be completed.

Sheet Labor Rates
A3: Factors Applied | B3: Proposed Percentage
A4: Escalation Rate | B4: 0
A5: Premium for Top Secret level | B5: 0
B7: Base Period - 09/01/2026 - 08/31/2027 | I7: Option 1 - 09/01/2027 - 08/31/2028 | P7: Option 2 - 09/01/2028 - 08/31/2029 | W7: Option 3 - 09/01/2029 - 08/31/2030 | AD7: Option 4 - 09/01/2030 - 08/31/2031
B8: Washington DC | D8: Chandler, AZ | F8: Sennis, MS | I8: Washington DC | K8: Chandler, AZ | M8: Sennis, MS | P8: Washington DC | R8: Chandler, AZ | T8: Sennis, MS | W8: Washington DC | Y8: Chandler, AZ | AA8: Sennis, MS | AD8: Washington DC | AF8: Chandler, AZ | AH8: Sennis, MS
B9: SBU / Secret / Remote | C9: TS_SCI and SAP | D9: SBU / Secret / Remote | E9: TS_SCI and SAP | F9: SBU / Secret / Remote | G9: TS_SCI and SAP | I9: SBU / Secret / Remote | J9: TS_SCI and SAP | K9: SBU / Secret / Remote | L9: TS_SCI and SAP | M9: SBU / Secret / Remote | N9: TS_SCI and SAP | P9: SBU / Secret / Remote | Q9: TS_SCI and SAP | R9: SBU / Secret / Remote | S9: TS_SCI and SAP | T9: SBU / Secret / Remote | U9: TS_SCI and SAP | W9: SBU / Secret / Remote | X9: TS_SCI and SAP | Y9: SBU / Secret / Remote | Z9: TS_SCI and SAP | AA9: SBU / Secret / Remote | AB9: TS_SCI and SAP | AD9: SBU / Secret / Remote | AE9: TS_SCI and SAP | AF9: SBU / Secret / Remote | AG9: TS_SCI and SAP | AH9: SBU / Secret / Remote | AI9: TS_SCI and SAP
A10: Task 1 - Contract Management
A11: Program Manager | B11: 0 | C11: =+B11+('Labor Rates'!$B$5*B11) -> 0 | D11: 0 | E11: =+D11+('Labor Rates'!$B$5*D11) -> 0 | F11: 0 | G11: =+F11+('Labor Rates'!$B$5*F11) -> 0 | I11: =SUM(B11*'Labor Rates'!$B$4+B11) -> 0 | J11: =SUM(C11*'Labor Rates'!$B$4+C11) -> 0 | K11: =SUM(D11*'Labor Rates'!$B$4+D11) -> 0 | L11: =SUM(E11*'Labor Rates'!$B$4+E11) -> 0 | M11: =SUM(F11*'Labor Rates'!$B$4+F11) -> 0 | N11: =SUM(G11*'Labor Rates'!$B$4+G11) -> 0 | P11: =SUM(I11*'Labor Rates'!$B$4+I11) -> 0 | Q11: =SUM(J11*'Labor Rates'!$B$4+J11) -> 0 | R11: =SUM(K11*'Labor Rates'!$B$4+K11) -> 0 | S11: =SUM(L11*'Labor Rates'!$B$4+L11) -> 0 | T11: =SUM(M11*'Labor Rates'!$B$4+M11) -> 0 | U11: =SUM(N11*'Labor Rates'!$B$4+N11) -> 0 | W11: =SUM(P11*'Labor Rates'!$B$4+P11) -> 0 | X11: =SUM(Q11*'Labor Rates'!$B$4+Q11) -> 0 | Y11: =SUM(R11*'Labor Rates'!$B$4+R11) -> 0 | Z11: =SUM(S11*'Labor Rates'!$B$4+S11) -> 0 | AA11: =SUM(T11*'Labor Rates'!$B$4+T11) -> 0 | AB11: =SUM(U11*'Labor Rates'!$B$4+U11) -> 0 | AD11: =SUM(W11*'Labor Rates'!$B$4+W11) -> 0 | AE11: =SUM(X11*'Labor Rates'!$B$4+X11) -> 0 | AF11: =SUM(Y11*'Labor Rates'!$B$4+Y11) -> 0 | AG11: =SUM(Z11*'Labor Rates'!$B$4+Z11) -> 0 | AH11: =SUM(AA11*'Labor Rates'!$B$4+AA11) -> 0 | AI11: =SUM(AB11*'Labor Rates'!$B$4+AB11) -> 0
A12: Deputy Program Manager | B12: 0 | C12: =+B12+('Labor Rates'!$B$5*B12) -> 0 | D12: 0 | E12: =+D12+('Labor Rates'!$B$5*D12) -> 0 | F12: 0 | G12: =+F12+('Labor Rates'!$B$5*F12) -> 0 | I12: =SUM(B12*'Labor Rates'!$B$4+B12) -> 0 | J12: =SUM(C12*'Labor Rates'!$B$4+C12) -> 0 | K12: =SUM(D12*'Labor Rates'!$B$4+D12) -> 0 | L12: =SUM(E12*'Labor Rates'!$B$4+E12) -> 0 | M12: =SUM(F12*'Labor Rates'!$B$4+F12) -> 0 | N12: =SUM(G12*'Labor Rates'!$B$4+G12) -> 0 | P12: =SUM(I12*'Labor Rates'!$B$4+I12) -> 0 | Q12: =SUM(J12*'Labor Rates'!$B$4+J12) -> 0 | R12: =SUM(K12*'Labor Rates'!$B$4+K12) -> 0 | S12: =SUM(L12*'Labor Rates'!$B$4+L12) -> 0 | T12: =SUM(M12*'Labor Rates'!$B$4+M12) -> 0 | U12: =SUM(N12*'Labor Rates'!$B$4+N12) -> 0 | W12: =SUM(P12*'Labor Rates'!$B$4+P12) -> 0 | X12: =SUM(Q12*'Labor Rates'!$B$4+Q12) -> 0 | Y12: =SUM(R12*'Labor Rates'!$B$4+R12) -> 0 | Z12: =SUM(S12*'Labor Rates'!$B$4+S12) -> 0 | AA12: =SUM(T12*'Labor Rates'!$B$4+T12) -> 0 | AB12: =SUM(U12*'Labor Rates'!$B$4+U12) -> 0 | AD12: =SUM(W12*'Labor Rates'!$B$4+W12) -> 0 | AE12: =SUM(X12*'Labor Rates'!$B$4+X12) -> 0 | AF12: =SUM(Y12*'Labor Rates'!$B$4+Y12) -> 0 | AG12: =SUM(Z12*'Labor Rates'!$B$4+Z12) -> 0 | AH12: =SUM(AA12*'Labor Rates'!$B$4+AA12) -> 0 | AI12: =SUM(AB12*'Labor Rates'!$B$4+AB12) -> 0
A13: Task 2 - Capability Development and Improvement
A14: Business Analyst - Senior Level | B14: 0 | C14: =+B14+('Labor Rates'!$B$5*B14) -> 0 | D14: 0 | E14: =+D14+('Labor Rates'!$B$5*D14) -> 0 | F14: 0 | G14: =+F14+('Labor Rates'!$B$5*F14) -> 0 | I14: =SUM(B14*'Labor Rates'!$B$4+B14) -> 0 | J14: =SUM(C14*'Labor Rates'!$B$4+C14) -> 0 | K14: =SUM(D14*'Labor Rates'!$B$4+D14) -> 0 | L14: =SUM(E14*'Labor Rates'!$B$4+E14) -> 0 | M14: =SUM(F14*'Labor Rates'!$B$4+F14) -> 0 | N14: =SUM(G14*'Labor Rates'!$B$4+G14) -> 0 | P14: =SUM(I14*'Labor Rates'!$B$4+I14) -> 0 | Q14: =SUM(J14*'Labor Rates'!$B$4+J14) -> 0 | R14: =SUM(K14*'Labor Rates'!$B$4+K14) -> 0 | S14: =SUM(L14*'Labor Rates'!$B$4+L14) -> 0 | T14: =SUM(M14*'Labor Rates'!$B$4+M14) -> 0 | U14: =SUM(N14*'Labor Rates'!$B$4+N14) -> 0 | W14: =SUM(P14*'Labor Rates'!$B$4+P14) -> 0 | X14: =SUM(Q14*'Labor Rates'!$B$4+Q14) -> 0 | Y14: =SUM(R14*'Labor Rates'!$B$4+R14) -> 0 | Z14: =SUM(S14*'Labor Rates'!$B$4+S14) -> 0 | AA14: =SUM(T14*'Labor Rates'!$B$4+T14) -> 0 | AB14: =SUM(U14*'Labor Rates'!$B$4+U14) -> 0 | AD14: =SUM(W14*'Labor Rates'!$B$4+W14) -> 0 | AE14: =SUM(X14*'Labor Rates'!$B$4+X14) -> 0 | AF14: =SUM(Y14*'Labor Rates'!$B$4+Y14) -> 0 | AG14: =SUM(Z14*'Labor Rates'!$B$4+Z14) -> 0 | AH14: =SUM(AA14*'Labor Rates'!$B$4+AA14) -> 0 | AI14: =SUM(AB14*'Labor Rates'!$B$4+AB14) -> 0
A15: Business Analyst - Mid-Level | B15: 0 | C15: =+B15+('Labor Rates'!$B$5*B15) -> 0 | D15: 0 | E15: =+D15+('Labor Rates'!$B$5*D15) -> 0 | F15: 0 | G15: =+F15+('Labor Rates'!$B$5*F15) -> 0 | I15: =SUM(B15*'Labor Rates'!$B$4+B15) -> 0 | J15: =SUM(C15*'Labor Rates'!$B$4+C15) -> 0 | K15: =SUM(D15*'Labor Rates'!$B$4+D15) -> 0 | L15: =SUM(E15*'Labor Rates'!$B$4+E15) -> 0 | M15: =SUM(F15*'Labor Rates'!$B$4+F15) -> 0 | N15: =SUM(G15*'Labor Rates'!$B$4+G15) -> 0 | P15: =SUM(I15*'Labor Rates'!$B$4+I15) -> 0 | Q15: =SUM(J15*'Labor Rates'!$B$4+J15) -> 0 | R15: =SUM(K15*'Labor Rates'!$B$4+K15) -> 0 | S15: =SUM(L15*'Labor Rates'!$B$4+L15) -> 0 | T15: =SUM(M15*'Labor Rates'!$B$4+M15) -> 0 | U15: =SUM(N15*'Labor Rates'!$B$4+N15) -> 0 | W15: =SUM(P15*'Labor Rates'!$B$4+P15) -> 0 | X15: =SUM(Q15*'Labor Rates'!$B$4+Q15) -> 0 | Y15: =SUM(R15*'Labor Rates'!$B$4+R15) -> 0 | Z15: =SUM(S15*'Labor Rates'!$B$4+S15) -> 0 | AA15: =SUM(T15*'Labor Rates'!$B$4+T15) -> 0 | AB15: =SUM(U15*'Labor Rates'!$B$4+U15) -> 0 | AD15: =SUM(W15*'Labor Rates'!$B$4+W15) -> 0 | AE15: =SUM(X15*'Labor Rates'!$B$4+X15) -> 0 | AF15: =SUM(Y15*'Labor Rates'!$B$4+Y15) -> 0 | AG15: =SUM(Z15*'Labor Rates'!$B$4+Z15) -> 0 | AH15: =SUM(AA15*'Labor Rates'!$B$4+AA15) -> 0 | AI15: =SUM(AB15*'Labor Rates'!$B$4+AB15) -> 0
A16: Business Analyst - Junior Level | B16: 0 | C16: =+B16+('Labor Rates'!$B$5*B16) -> 0 | D16: 0 | E16: =+D16+('Labor Rates'!$B$5*D16) -> 0 | F16: 0 | G16: =+F16+('Labor Rates'!$B$5*F16) -> 0 | I16: =SUM(B16*'Labor Rates'!$B$4+B16) -> 0 | J16: =SUM(C16*'Labor Rates'!$B$4+C16) -> 0 | K16: =SUM(D16*'Labor Rates'!$B$4+D16) -> 0 | L16: =SUM(E16*'Labor Rates'!$B$4+E16) -> 0 | M16: =SUM(F16*'Labor Rates'!$B$4+F16) -> 0 | N16: =SUM(G16*'Labor Rates'!$B$4+G16) -> 0 | P16: =SUM(I16*'Labor Rates'!$B$4+I16) -> 0 | Q16: =SUM(J16*'Labor Rates'!$B$4+J16) -> 0 | R16: =SUM(K16*'Labor Rates'!$B$4+K16) -> 0 | S16: =SUM(L16*'Labor Rates'!$B$4+L16) -> 0 | T16: =SUM(M16*'Labor Rates'!$B$4+M16) -> 0 | U16: =SUM(N16*'Labor Rates'!$B$4+N16) -> 0 | W16: =SUM(P16*'Labor Rates'!$B$4+P16) -> 0 | X16: =SUM(Q16*'Labor Rates'!$B$4+Q16) -> 0 | Y16: =SUM(R16*'Labor Rates'!$B$4+R16) -> 0 | Z16: =SUM(S16*'Labor Rates'!$B$4+S16) -> 0 | AA16: =SUM(T16*'Labor Rates'!$B$4+T16) -> 0 | AB16: =SUM(U16*'Labor Rates'!$B$4+U16) -> 0 | AD16: =SUM(W16*'Labor Rates'!$B$4+W16) -> 0 | AE16: =SUM(X16*'Labor Rates'!$B$4+X16) -> 0 | AF16: =SUM(Y16*'Labor Rates'!$B$4+Y16) -> 0 | AG16: =SUM(Z16*'Labor Rates'!$B$4+Z16) -> 0 | AH16: =SUM(AA16*'Labor Rates'!$B$4+AA16) -> 0 | AI16: =SUM(AB16*'Labor Rates'!$B$4+AB16) -> 0
A17: Business Intelligence Analyst - Senior Level | B17: 0 | C17: =+B17+('Labor Rates'!$B$5*B17) -> 0 | D17: 0 | E17: =+D17+('Labor Rates'!$B$5*D17) -> 0 | F17: 0 | G17: =+F17+('Labor Rates'!$B$5*F17) -> 0 | I17: =SUM(B17*'Labor Rates'!$B$4+B17) -> 0 | J17: =SUM(C17*'Labor Rates'!$B$4+C17) -> 0 | K17: =SUM(D17*'Labor Rates'!$B$4+D17) -> 0 | L17: =SUM(E17*'Labor Rates'!$B$4+E17) -> 0 | M17: =SUM(F17*'Labor Rates'!$B$4+F17) -> 0 | N17: =SUM(G17*'Labor Rates'!$B$4+G17) -> 0 | P17: =SUM(I17*'Labor Rates'!$B$4+I17) -> 0 | Q17: =SUM(J17*'Labor Rates'!$B$4+J17) -> 0 | R17: =SUM(K17*'Labor Rates'!$B$4+K17) -> 0 | S17: =SUM(L17*'Labor Rates'!$B$4+L17) -> 0 | T17: =SUM(M17*'Labor Rates'!$B$4+M17) -> 0 | U17: =SUM(N17*'Labor Rates'!$B$4+N17) -> 0 | W17: =SUM(P17*'Labor Rates'!$B$4+P17) -> 0 | X17: =SUM(Q17*'Labor Rates'!$B$4+Q17) -> 0 | Y17: =SUM(R17*'Labor Rates'!$B$4+R17) -> 0 | Z17: =SUM(S17*'Labor Rates'!$B$4+S17) -> 0 | AA17: =SUM(T17*'Labor Rates'!$B$4+T17) -> 0 | AB17: =SUM(U17*'Labor Rates'!$B$4+U17) -> 0 | AD17: =SUM(W17*'Labor Rates'!$B$4+W17) -> 0 | AE17: =SUM(X17*'Labor Rates'!$B$4+X17) -> 0 | AF17: =SUM(Y17*'Labor Rates'!$B$4+Y17) -> 0 | AG17: =SUM(Z17*'Labor Rates'!$B$4+Z17) -> 0 | AH17: =SUM(AA17*'Labor Rates'!$B$4+AA17) -> 0 | AI17: =SUM(AB17*'Labor Rates'!$B$4+AB17) -> 0
A18: Business Intelligence Analyst - Mid-Level | B18: 0 | C18: =+B18+('Labor Rates'!$B$5*B18) -> 0 | D18: 0 | E18: =+D18+('Labor Rates'!$B$5*D18) -> 0 | F18: 0 | G18: =+F18+('Labor Rates'!$B$5*F18) -> 0 | I18: =SUM(B18*'Labor Rates'!$B$4+B18) -> 0 | J18: =SUM(C18*'Labor Rates'!$B$4+C18) -> 0 | K18: =SUM(D18*'Labor Rates'!$B$4+D18) -> 0 | L18: =SUM(E18*'Labor Rates'!$B$4+E18) -> 0 | M18: =SUM(F18*'Labor Rates'!$B$4+F18) -> 0 | N18: =SUM(G18*'Labor Rates'!$B$4+G18) -> 0 | P18: =SUM(I18*'Labor Rates'!$B$4+I18) -> 0 | Q18: =SUM(J18*'Labor Rates'!$B$4+J18) -> 0 | R18: =SUM(K18*'Labor Rates'!$B$4+K18) -> 0 | S18: =SUM(L18*'Labor Rates'!$B$4+L18) -> 0 | T18: =SUM(M18*'Labor Rates'!$B$4+M18) -> 0 | U18: =SUM(N18*'Labor Rates'!$B$4+N18) -> 0 | W18: =SUM(P18*'Labor Rates'!$B$4+P18) -> 0 | X18: =SUM(Q18*'Labor Rates'!$B$4+Q18) -> 0 | Y18: =SUM(R18*'Labor Rates'!$B$4+R18) -> 0 | Z18: =SUM(S18*'Labor Rates'!$B$4+S18) -> 0 | AA18: =SUM(T18*'Labor Rates'!$B$4+T18) -> 0 | AB18: =SUM(U18*'Labor Rates'!$B$4+U18) -> 0 | AD18: =SUM(W18*'Labor Rates'!$B$4+W18) -> 0 | AE18: =SUM(X18*'Labor Rates'!$B$4+X18) -> 0 | AF18: =SUM(Y18*'Labor Rates'!$B$4+Y18) -> 0 | AG18: =SUM(Z18*'Labor Rates'!$B$4+Z18) -> 0 | AH18: =SUM(AA18*'Labor Rates'!$B$4+AA18) -> 0 | AI18: =SUM(AB18*'Labor Rates'!$B$4+AB18) -> 0
A19: Business Intelligence Analyst - Junior Level | B19: 0 | C19: =+B19+('Labor Rates'!$B$5*B19) -> 0 | D19: 0 | E19: =+D19+('Labor Rates'!$B$5*D19) -> 0 | F19: 0 | G19: =+F19+('Labor Rates'!$B$5*F19) -> 0 | I19: =SUM(B19*'Labor Rates'!$B$4+B19) -> 0 | J19: =SUM(C19*'Labor Rates'!$B$4+C19) -> 0 | K19: =SUM(D19*'Labor Rates'!$B$4+D19) -> 0 | L19: =SUM(E19*'Labor Rates'!$B$4+E19) -> 0 | M19: =SUM(F19*'Labor Rates'!$B$4+F19) -> 0 | N19: =SUM(G19*'Labor Rates'!$B$4+G19) -> 0 | P19: =SUM(I19*'Labor Rates'!$B$4+I19) -> 0 | Q19: =SUM(J19*'Labor Rates'!$B$4+J19) -> 0 | R19: =SUM(K19*'Labor Rates'!$B$4+K19) -> 0 | S19: =SUM(L19*'Labor Rates'!$B$4+L19) -> 0 | T19: =SUM(M19*'Labor Rates'!$B$4+M19) -> 0 | U19: =SUM(N19*'Labor Rates'!$B$4+N19) -> 0 | W19: =SUM(P19*'Labor Rates'!$B$4+P19) -> 0 | X19: =SUM(Q19*'Labor Rates'!$B$4+Q19) -> 0 | Y19: =SUM(R19*'Labor Rates'!$B$4+R19) -> 0 | Z19: =SUM(S19*'Labor Rates'!$B$4+S19) -> 0 | AA19: =SUM(T19*'Labor Rates'!$B$4+T19) -> 0 | AB19: =SUM(U19*'Labor Rates'!$B$4+U19) -> 0 | AD19: =SUM(W19*'Labor Rates'!$B$4+W19) -> 0 | AE19: =SUM(X19*'Labor Rates'!$B$4+X19) -> 0 | AF19: =SUM(Y19*'Labor Rates'!$B$4+Y19) -> 0 | AG19: =SUM(Z19*'Labor Rates'!$B$4+Z19) -> 0 | AH19: =SUM(AA19*'Labor Rates'!$B$4+AA19) -> 0 | AI19: =SUM(AB19*'Labor Rates'!$B$4+AB19) -> 0
A20: Document Management Specialist - Senior Level | B20: 0 | C20: =+B20+('Labor Rates'!$B$5*B20) -> 0 | D20: 0 | E20: =+D20+('Labor Rates'!$B$5*D20) -> 0 | F20: 0 | G20: =+F20+('Labor Rates'!$B$5*F20) -> 0 | I20: =SUM(B20*'Labor Rates'!$B$4+B20) -> 0 | J20: =SUM(C20*'Labor Rates'!$B$4+C20) -> 0 | K20: =SUM(D20*'Labor Rates'!$B$4+D20) -> 0 | L20: =SUM(E20*'Labor Rates'!$B$4+E20) -> 0 | M20: =SUM(F20*'Labor Rates'!$B$4+F20) -> 0 | N20: =SUM(G20*'Labor Rates'!$B$4+G20) -> 0 | P20: =SUM(I20*'Labor Rates'!$B$4+I20) -> 0 | Q20: =SUM(J20*'Labor Rates'!$B$4+J20) -> 0 | R20: =SUM(K20*'Labor Rates'!$B$4+K20) -> 0 | S20: =SUM(L20*'Labor Rates'!$B$4+L20) -> 0 | T20: =SUM(M20*'Labor Rates'!$B$4+M20) -> 0 | U20: =SUM(N20*'Labor Rates'!$B$4+N20) -> 0 | W20: =SUM(P20*'Labor Rates'!$B$4+P20) -> 0 | X20: =SUM(Q20*'Labor Rates'!$B$4+Q20) -> 0 | Y20: =SUM(R20*'Labor Rates'!$B$4+R20) -> 0 | Z20: =SUM(S20*'Labor Rates'!$B$4+S20) -> 0 | AA20: =SUM(T20*'Labor Rates'!$B$4+T20) -> 0 | AB20: =SUM(U20*'Labor Rates'!$B$4+U20) -> 0 | AD20: =SUM(W20*'Labor Rates'!$B$4+W20) -> 0 | AE20: =SUM(X20*'Labor Rates'!$B$4+X20) -> 0 | AF20: =SUM(Y20*'Labor Rates'!$B$4+Y20) -> 0 | AG20: =SUM(Z20*'Labor Rates'!$B$4+Z20) -> 0 | AH20: =SUM(AA20*'Labor Rates'!$B$4+AA20) -> 0 | AI20: =SUM(AB20*'Labor Rates'!$B$4+AB20) -> 0
A21: Document Management Specialist - Mid-Level | B21: 0 | C21: =+B21+('Labor Rates'!$B$5*B21) -> 0 | D21: 0 | E21: =+D21+('Labor Rates'!$B$5*D21) -> 0 | F21: 0 | G21: =+F21+('Labor Rates'!$B$5*F21) -> 0 | I21: =SUM(B21*'Labor Rates'!$B$4+B21) -> 0 | J21: =SUM(C21*'Labor Rates'!$B$4+C21) -> 0 | K21: =SUM(D21*'Labor Rates'!$B$4+D21) -> 0 | L21: =SUM(E21*'Labor Rates'!$B$4+E21) -> 0 | M21: =SUM(F21*'Labor Rates'!$B$4+F21) -> 0 | N21: =SUM(G21*'Labor Rates'!$B$4+G21) -> 0 | P21: =SUM(I21*'Labor Rates'!$B$4+I21) -> 0 | Q21: =SUM(J21*'Labor Rates'!$B$4+J21) -> 0 | R21: =SUM(K21*'Labor Rates'!$B$4+K21) -> 0 | S21: =SUM(L21*'Labor Rates'!$B$4+L21) -> 0 | T21: =SUM(M21*'Labor Rates'!$B$4+M21) -> 0 | U21: =SUM(N21*'Labor Rates'!$B$4+N21) -> 0 | W21: =SUM(P21*'Labor Rates'!$B$4+P21) -> 0 | X21: =SUM(Q21*'Labor Rates'!$B$4+Q21) -> 0 | Y21: =SUM(R21*'Labor Rates'!$B$4+R21) -> 0 | Z21: =SUM(S21*'Labor Rates'!$B$4+S21) -> 0 | AA21: =SUM(T21*'Labor Rates'!$B$4+T21) -> 0 | AB21: =SUM(U21*'Labor Rates'!$B$4+U21) -> 0 | AD21: =SUM(W21*'Labor Rates'!$B$4+W21) -> 0 | AE21: =SUM(X21*'Labor Rates'!$B$4+X21) -> 0 | AF21: =SUM(Y21*'Labor Rates'!$B$4+Y21) -> 0 | AG21: =SUM(Z21*'Labor Rates'!$B$4+Z21) -> 0 | AH21: =SUM(AA21*'Labor Rates'!$B$4+AA21) -> 0 | AI21: =SUM(AB21*'Labor Rates'!$B$4+AB21) -> 0
A22: Document Management Specialist - Junior Level | B22: 0 | C22: =+B22+('Labor Rates'!$B$5*B22) -> 0 | D22: 0 | E22: =+D22+('Labor Rates'!$B$5*D22) -> 0 | F22: 0 | G22: =+F22+('Labor Rates'!$B$5*F22) -> 0 | I22: =SUM(B22*'Labor Rates'!$B$4+B22) -> 0 | J22: =SUM(C22*'Labor Rates'!$B$4+C22) -> 0 | K22: =SUM(D22*'Labor Rates'!$B$4+D22) -> 0 | L22: =SUM(E22*'Labor Rates'!$B$4+E22) -> 0 | M22: =SUM(F22*'Labor Rates'!$B$4+F22) -> 0 | N22: =SUM(G22*'Labor Rates'!$B$4+G22) -> 0 | P22: =SUM(I22*'Labor Rates'!$B$4+I22) -> 0 | Q22: =SUM(J22*'Labor Rates'!$B$4+J22) -> 0 | R22: =SUM(K22*'Labor Rates'!$B$4+K22) -> 0 | S22: =SUM(L22*'Labor Rates'!$B$4+L22) -> 0 | T22: =SUM(M22*'Labor Rates'!$B$4+M22) -> 0 | U22: =SUM(N22*'Labor Rates'!$B$4+N22) -> 0 | W22: =SUM(P22*'Labor Rates'!$B$4+P22) -> 0 | X22: =SUM(Q22*'Labor Rates'!$B$4+Q22) -> 0 | Y22: =SUM(R22*'Labor Rates'!$B$4+R22) -> 0 | Z22: =SUM(S22*'Labor Rates'!$B$4+S22) -> 0 | AA22: =SUM(T22*'Labor Rates'!$B$4+T22) -> 0 | AB22: =SUM(U22*'Labor Rates'!$B$4+U22) -> 0 | AD22: =SUM(W22*'Labor Rates'!$B$4+W22) -> 0 | AE22: =SUM(X22*'Labor Rates'!$B$4+X22) -> 0 | AF22: =SUM(Y22*'Labor Rates'!$B$4+Y22) -> 0 | AG22: =SUM(Z22*'Labor Rates'!$B$4+Z22) -> 0 | AH22: =SUM(AA22*'Labor Rates'!$B$4+AA22) -> 0 | AI22: =SUM(AB22*'Labor Rates'!$B$4+AB22) -> 0
A23: Financial Analyst - Senior Level | B23: 0 | C23: =+B23+('Labor Rates'!$B$5*B23) -> 0 | D23: 0 | E23: =+D23+('Labor Rates'!$B$5*D23) -> 0 | F23: 0 | G23: =+F23+('Labor Rates'!$B$5*F23) -> 0 | I23: =SUM(B23*'Labor Rates'!$B$4+B23) -> 0 | J23: =SUM(C23*'Labor Rates'!$B$4+C23) -> 0 | K23: =SUM(D23*'Labor Rates'!$B$4+D23) -> 0 | L23: =SUM(E23*'Labor Rates'!$B$4+E23) -> 0 | M23: =SUM(F23*'Labor Rates'!$B$4+F23) -> 0 | N23: =SUM(G23*'Labor Rates'!$B$4+G23) -> 0 | P23: =SUM(I23*'Labor Rates'!$B$4+I23) -> 0 | Q23: =SUM(J23*'Labor Rates'!$B$4+J23) -> 0 | R23: =SUM(K23*'Labor Rates'!$B$4+K23) -> 0 | S23: =SUM(L23*'Labor Rates'!$B$4+L23) -> 0 | T23: =SUM(M23*'Labor Rates'!$B$4+M23) -> 0 | U23: =SUM(N23*'Labor Rates'!$B$4+N23) -> 0 | W23: =SUM(P23*'Labor Rates'!$B$4+P23) -> 0 | X23: =SUM(Q23*'Labor Rates'!$B$4+Q23) -> 0 | Y23: =SUM(R23*'Labor Rates'!$B$4+R23) -> 0 | Z23: =SUM(S23*'Labor Rates'!$B$4+S23) -> 0 | AA23: =SUM(T23*'Labor Rates'!$B$4+T23) -> 0 | AB23: =SUM(U23*'Labor Rates'!$B$4+U23) -> 0 | AD23: =SUM(W23*'Labor Rates'!$B$4+W23) -> 0 | AE23: =SUM(X23*'Labor Rates'!$B$4+X23) -> 0 | AF23: =SUM(Y23*'Labor Rates'!$B$4+Y23) -> 0 | AG23: =SUM(Z23*'Labor Rates'!$B$4+Z23) -> 0 | AH23: =SUM(AA23*'Labor Rates'!$B$4+AA23) -> 0 | AI23: =SUM(AB23*'Labor Rates'!$B$4+AB23) -> 0
A24: Financial Analyst - Mid Level | B24: 0 | C24: =+B24+('Labor Rates'!$B$5*B24) -> 0 | D24: 0 | E24: =+D24+('Labor Rates'!$B$5*D24) -> 0 | F24: 0 | G24: =+F24+('Labor Rates'!$B$5*F24) -> 0 | I24: =SUM(B24*'Labor Rates'!$B$4+B24) -> 0 | J24: =SUM(C24*'Labor Rates'!$B$4+C24) -> 0 | K24: =SUM(D24*'Labor Rates'!$B$4+D24) -> 0 | L24: =SUM(E24*'Labor Rates'!$B$4+E24) -> 0 | M24: =SUM(F24*'Labor Rates'!$B$4+F24) -> 0 | N24: =SUM(G24*'Labor Rates'!$B$4+G24) -> 0 | P24: =SUM(I24*'Labor Rates'!$B$4+I24) -> 0 | Q24: =SUM(J24*'Labor Rates'!$B$4+J24) -> 0 | R24: =SUM(K24*'Labor Rates'!$B$4+K24) -> 0 | S24: =SUM(L24*'Labor Rates'!$B$4+L24) -> 0 | T24: =SUM(M24*'Labor Rates'!$B$4+M24) -> 0 | U24: =SUM(N24*'Labor Rates'!$B$4+N24) -> 0 | W24: =SUM(P24*'Labor Rates'!$B$4+P24) -> 0 | X24: =SUM(Q24*'Labor Rates'!$B$4+Q24) -> 0 | Y24: =SUM(R24*'Labor Rates'!$B$4+R24) -> 0 | Z24: =SUM(S24*'Labor Rates'!$B$4+S24) -> 0 | AA24: =SUM(T24*'Labor Rates'!$B$4+T24) -> 0 | AB24: =SUM(U24*'Labor Rates'!$B$4+U24) -> 0 | AD24: =SUM(W24*'Labor Rates'!$B$4+W24) -> 0 | AE24: =SUM(X24*'Labor Rates'!$B$4+X24) -> 0 | AF24: =SUM(Y24*'Labor Rates'!$B$4+Y24) -> 0 | AG24: =SUM(Z24*'Labor Rates'!$B$4+Z24) -> 0 | AH24: =SUM(AA24*'Labor Rates'!$B$4+AA24) -> 0 | AI24: =SUM(AB24*'Labor Rates'!$B$4+AB24) -> 0
A25: Financial Analyst - Junior Level | B25: 0 | C25: =+B25+('Labor Rates'!$B$5*B25) -> 0 | D25: 0 | E25: =+D25+('Labor Rates'!$B$5*D25) -> 0 | F25: 0 | G25: =+F25+('Labor Rates'!$B$5*F25) -> 0 | I25: =SUM(B25*'Labor Rates'!$B$4+B25) -> 0 | J25: =SUM(C25*'Labor Rates'!$B$4+C25) -> 0 | K25: =SUM(D25*'Labor Rates'!$B$4+D25) -> 0 | L25: =SUM(E25*'Labor Rates'!$B$4+E25) -> 0 | M25: =SUM(F25*'Labor Rates'!$B$4+F25) -> 0 | N25: =SUM(G25*'Labor Rates'!$B$4+G25) -> 0 | P25: =SUM(I25*'Labor Rates'!$B$4+I25) -> 0 | Q25: =SUM(J25*'Labor Rates'!$B$4+J25) -> 0 | R25: =SUM(K25*'Labor Rates'!$B$4+K25) -> 0 | S25: =SUM(L25*'Labor Rates'!$B$4+L25) -> 0 | T25: =SUM(M25*'Labor Rates'!$B$4+M25) -> 0 | U25: =SUM(N25*'Labor Rates'!$B$4+N25) -> 0 | W25: =SUM(P25*'Labor Rates'!$B$4+P25) -> 0 | X25: =SUM(Q25*'Labor Rates'!$B$4+Q25) -> 0 | Y25: =SUM(R25*'Labor Rates'!$B$4+R25) -> 0 | Z25: =SUM(S25*'Labor Rates'!$B$4+S25) -> 0 | AA25: =SUM(T25*'Labor Rates'!$B$4+T25) -> 0 | AB25: =SUM(U25*'Labor Rates'!$B$4+U25) -> 0 | AD25: =SUM(W25*'Labor Rates'!$B$4+W25) -> 0 | AE25: =SUM(X25*'Labor Rates'!$B$4+X25) -> 0 | AF25: =SUM(Y25*'Labor Rates'!$B$4+Y25) -> 0 | AG25: =SUM(Z25*'Labor Rates'!$B$4+Z25) -> 0 | AH25: =SUM(AA25*'Labor Rates'!$B$4+AA25) -> 0 | AI25: =SUM(AB25*'Labor Rates'!$B$4+AB25) -> 0
... A49: Capability Development SME - Junior Level | B49: 0 | C49: =+B49+('Labor Rates'!$B$5*B49) -> 0 | D49: 0 | E49: =+D49+('Labor Rates'!$B$5*D49) -> 0 | F49: 0 | G49: =+F49+('Labor Rates'!$B$5*F49) -> 0 | I49: =SUM(B49*'Labor Rates'!$B$4+B49) -> 0 | J49: =SUM(C49*'Labor Rates'!$B$4+C49) -> 0 | K49: =SUM(D49*'Labor Rates'!$B$4+D49) -> 0 | L49: =SUM(E49*'Labor Rates'!$B$4+E49) -> 0 | M49: =SUM(F49*'Labor Rates'!$B$4+F49) -> 0 | N49: =SUM(G49*'Labor Rates'!$B$4+G49) -> 0 | P49: =SUM(I49*'Labor Rates'!$B$4+I49) -> 0 | Q49: =SUM(J49*'Labor Rates'!$B$4+J49) -> 0 | R49: =SUM(K49*'Labor Rates'!$B$4+K49) -> 0 | S49: =SUM(L49*'Labor Rates'!$B$4+L49) -> 0 | T49: =SUM(M49*'Labor Rates'!$B$4+M49) -> 0 | U49: =SUM(N49*'Labor Rates'!$B$4+N49) -> 0 | W49: =SUM(P49*'Labor Rates'!$B$4+P49) -> 0 | X49: =SUM(Q49*'Labor Rates'!$B$4+Q49) -> 0 | Y49: =SUM(R49*'Labor Rates'!$B$4+R49) -> 0 | Z49: =SUM(S49*'Labor Rates'!$B$4+S49) -> 0 | AA49: =SUM(T49*'Labor Rates'!$B$4+T49) -> 0 | AB49: =SUM(U49*'Labor Rates'!$B$4+U49) -> 0 | AD49: =SUM(W49*'Labor Rates'!$B$4+W49) -> 0 | AE49: =SUM(X49*'Labor Rates'!$B$4+X49) -> 0 | AF49: =SUM(Y49*'Labor Rates'!$B$4+Y49) -> 0 | AG49: =SUM(Z49*'Labor Rates'!$B$4+Z49) -> 0 | AH49: =SUM(AA49*'Labor Rates'!$B$4+AA49) -> 0 | AI49: =SUM(AB49*'Labor Rates'!$B$4+AB49) -> 0
A50: Task 3 - Network, Cloud, and Cybersecurity M&A and Event and Incident Management
A51: Cybersecurity Program Manager - Senior Level | B51: 0 | C51: =+B51+('Labor Rates'!$B$5*B51) -> 0 | D51: 0 | E51: =+D51+('Labor Rates'!$B$5*D51) -> 0 | F51: 0 | G51: =+F51+('Labor Rates'!$B$5*F51) -> 0 | I51: =SUM(B51*'Labor Rates'!$B$4+B51) -> 0 | J51: =SUM(C51*'Labor Rates'!$B$4+C51) -> 0 | K51: =SUM(D51*'Labor Rates'!$B$4+D51) -> 0 | L51: =SUM(E51*'Labor Rates'!$B$4+E51) -> 0 | M51: =SUM(F51*'Labor Rates'!$B$4+F51) -> 0 | N51: =SUM(G51*'Labor Rates'!$B$4+G51) -> 0 | P51: =SUM(I51*'Labor Rates'!$B$4+I51) -> 0 | Q51: =SUM(J51*'Labor Rates'!$B$4+J51) -> 0 | R51: =SUM(K51*'Labor Rates'!$B$4+K51) -> 0 | S51: =SUM(L51*'Labor Rates'!$B$4+L51) -> 0 | T51: =SUM(M51*'Labor Rates'!$B$4+M51) -> 0 | U51: =SUM(N51*'Labor Rates'!$B$4+N51) -> 0 | W51: =SUM(P51*'Labor Rates'!$B$4+P51) -> 0 | X51: =SUM(Q51*'Labor Rates'!$B$4+Q51) -> 0 | Y51: =SUM(R51*'Labor Rates'!$B$4+R51) -> 0 | Z51: =SUM(S51*'Labor Rates'!$B$4+S51) -> 0 | AA51: =SUM(T51*'Labor Rates'!$B$4+T51) -> 0 | AB51: =SUM(U51*'Labor Rates'!$B$4+U51) -> 0 | AD51: =SUM(W51*'Labor Rates'!$B$4+W51) -> 0 | AE51: =SUM(X51*'Labor Rates'!$B$4+X51) -> 0 | AF51: =SUM(Y51*'Labor Rates'!$B$4+Y51) -> 0 | AG51: =SUM(Z51*'Labor Rates'!$B$4+Z51) -> 0 | AH51: =SUM(AA51*'Labor Rates'!$B$4+AA51) -> 0 | AI51: =SUM(AB51*'Labor Rates'!$B$4+AB51) -> 0
A52: Cybersecurity Program Manager - Mid-Level | B52: 0 | C52: =+B52+('Labor Rates'!$B$5*B52) -> 0 | D52: 0 | E52: =+D52+('Labor Rates'!$B$5*D52) -> 0 | F52: 0 | G52: =+F52+('Labor Rates'!$B$5*F52) -> 0 | I52: =SUM(B52*'Labor Rates'!$B$4+B52) -> 0 | J52: =SUM(C52*'Labor Rates'!$B$4+C52) -> 0 | K52: =SUM(D52*'Labor Rates'!$B$4+D52) -> 0 | L52: =SUM(E52*'Labor Rates'!$B$4+E52) -> 0 | M52: =SUM(F52*'Labor Rates'!$B$4+F52) -> 0 | N52: =SUM(G52*'Labor Rates'!$B$4+G52) -> 0 | P52: =SUM(I52*'Labor Rates'!$B$4+I52) -> 0 | Q52: =SUM(J52*'Labor Rates'!$B$4+J52) -> 0 | R52: =SUM(K52*'Labor Rates'!$B$4+K52) -> 0 | S52: =SUM(L52*'Labor Rates'!$B$4+L52) -> 0 | T52: =SUM(M52*'Labor Rates'!$B$4+M52) -> 0 | U52: =SUM(N52*'Labor Rates'!$B$4+N52) -> 0 | W52: =SUM(P52*'Labor Rates'!$B$4+P52) -> 0 | X52: =SUM(Q52*'Labor Rates'!$B$4+Q52) -> 0 | Y52: =SUM(R52*'Labor Rates'!$B$4+R52) -> 0 | Z52: =SUM(S52*'Labor Rates'!$B$4+S52) -> 0 | AA52: =SUM(T52*'Labor Rates'!$B$4+T52) -> 0 | AB52: =SUM(U52*'Labor Rates'!$B$4+U52) -> 0 | AD52: =SUM(W52*'Labor Rates'!$B$4+W52) -> 0 | AE52: =SUM(X52*'Labor Rates'!$B$4+X52) -> 0 | AF52: =SUM(Y52*'Labor Rates'!$B$4+Y52) -> 0 | AG52: =SUM(Z52*'Labor Rates'!$B$4+Z52) -> 0 | AH52: =SUM(AA52*'Labor Rates'!$B$4+AA52) -> 0 | AI52: =SUM(AB52*'Labor Rates'!$B$4+AB52) -> 0
A53: Cybersecurity Project Manager - Senior Level | B53: 0 | C53: =+B53+('Labor Rates'!$B$5*B53) -> 0 | D53: 0 | E53: =+D53+('Labor Rates'!$B$5*D53) -> 0 | F53: 0 | G53: =+F53+('Labor Rates'!$B$5*F53) -> 0 | I53: =SUM(B53*'Labor Rates'!$B$4+B53) -> 0 | J53: =SUM(C53*'Labor Rates'!$B$4+C53) -> 0 | K53: =SUM(D53*'Labor Rates'!$B$4+D53) -> 0 | L53: =SUM(E53*'Labor Rates'!$B$4+E53) -> 0 | M53: =SUM(F53*'Labor Rates'!$B$4+F53) -> 0 | N53: =SUM(G53*'Labor Rates'!$B$4+G53) -> 0 | P53: =SUM(I53*'Labor Rates'!$B$4+I53) -> 0 | Q53: =SUM(J53*'Labor Rates'!$B$4+J53) -> 0 | R53: =SUM(K53*'Labor Rates'!$B$4+K53) -> 0 | S53: =SUM(L53*'Labor Rates'!$B$4+L53) -> 0 | T53: =SUM(M53*'Labor Rates'!$B$4+M53) -> 0 | U53: =SUM(N53*'Labor Rates'!$B$4+N53) -> 0 | W53: =SUM(P53*'Labor Rates'!$B$4+P53) -> 0 | X53: =SUM(Q53*'Labor Rates'!$B$4+Q53) -> 0 | Y53: =SUM(R53*'Labor Rates'!$B$4+R53) -> 0 | Z53: =SUM(S53*'Labor Rates'!$B$4+S53) -> 0 | AA53: =SUM(T53*'Labor Rates'!$B$4+T53) -> 0 | AB53: =SUM(U53*'Labor Rates'!$B$4+U53) -> 0 | AD53: =SUM(W53*'Labor Rates'!$B$4+W53) -> 0 | AE53: =SUM(X53*'Labor Rates'!$B$4+X53) -> 0 | AF53: =SUM(Y53*'Labor Rates'!$B$4+Y53) -> 0 | AG53: =SUM(Z53*'Labor Rates'!$B$4+Z53) -> 0 | AH53: =SUM(AA53*'Labor Rates'!$B$4+AA53) -> 0 | AI53: =SUM(AB53*'Labor Rates'!$B$4+AB53) -> 0
A54: Cybersecurity Project Manager - Mid-Level | B54: 0 | C54: =+B54+('Labor Rates'!$B$5*B54) -> 0 | D54: 0 | E54: =+D54+('Labor Rates'!$B$5*D54) -> 0 | F54: 0 | G54: =+F54+('Labor Rates'!$B$5*F54) -> 0 | I54: =SUM(B54*'Labor Rates'!$B$4+B54) -> 0 | J54: =SUM(C54*'Labor Rates'!$B$4+C54) -> 0 | K54: =SUM(D54*'Labor Rates'!$B$4+D54) -> 0 | L54: =SUM(E54*'Labor Rates'!$B$4+E54) -> 0 | M54: =SUM(F54*'Labor Rates'!$B$4+F54) -> 0 | N54: =SUM(G54*'Labor Rates'!$B$4+G54) -> 0 | P54: =SUM(I54*'Labor Rates'!$B$4+I54) -> 0 | Q54: =SUM(J54*'Labor Rates'!$B$4+J54) -> 0 | R54: =SUM(K54*'Labor Rates'!$B$4+K54) -> 0 | S54: =SUM(L54*'Labor Rates'!$B$4+L54) -> 0 | T54: =SUM(M54*'Labor Rates'!$B$4+M54) -> 0 | U54: =SUM(N54*'Labor Rates'!$B$4+N54) -> 0 | W54: =SUM(P54*'Labor Rates'!$B$4+P54) -> 0 | X54: =SUM(Q54*'Labor Rates'!$B$4+Q54) -> 0 | Y54: =SUM(R54*'Labor Rates'!$B$4+R54) -> 0 | Z54: =SUM(S54*'Labor Rates'!$B$4+S54) -> 0 | AA54: =SUM(T54*'Labor Rates'!$B$4+T54) -> 0 | AB54: =SUM(U54*'Labor Rates'!$B$4+U54) -> 0 | AD54: =SUM(W54*'Labor Rates'!$B$4+W54) -> 0 | AE54: =SUM(X54*'Labor Rates'!$B$4+X54) -> 0 | AF54: =SUM(Y54*'Labor Rates'!$B$4+Y54) -> 0 | AG54: =SUM(Z54*'Labor Rates'!$B$4+Z54) -> 0 | AH54: =SUM(AA54*'Labor Rates'!$B$4+AA54) -> 0 | AI54: =SUM(AB54*'Labor Rates'!$B$4+AB54) -> 0
A55: Cybersecurity Project Manager - Junior Level | B55: 0 | C55: =+B55+('Labor Rates'!$B$5*B55) -> 0 | D55: 0 | E55: =+D55+('Labor Rates'!$B$5*D55) -> 0 | F55: 0 | G55: =+F55+('Labor Rates'!$B$5*F55) -> 0 | I55: =SUM(B55*'Labor Rates'!$B$4+B55) -> 0 | J55: =SUM(C55*'Labor Rates'!$B$4+C55) -> 0 | K55: =SUM(D55*'Labor Rates'!$B$4+D55) -> 0 | L55: =SUM(E55*'Labor Rates'!$B$4+E55) -> 0 | M55: =SUM(F55*'Labor Rates'!$B$4+F55) -> 0 | N55: =SUM(G55*'Labor Rates'!$B$4+G55) -> 0 | P55: =SUM(I55*'Labor Rates'!$B$4+I55) -> 0 | Q55: =SUM(J55*'Labor Rates'!$B$4+J55) -> 0 | R55: =SUM(K55*'Labor Rates'!$B$4+K55) -> 0 | S55: =SUM(L55*'Labor Rates'!$B$4+L55) -> 0 | T55: =SUM(M55*'Labor Rates'!$B$4+M55) -> 0 | U55: =SUM(N55*'Labor Rates'!$B$4+N55) -> 0 | W55: =SUM(P55*'Labor Rates'!$B$4+P55) -> 0 | X55: =SUM(Q55*'Labor Rates'!$B$4+Q55) -> 0 | Y55: =SUM(R55*'Labor Rates'!$B$4+R55) -> 0 | Z55: =SUM(S55*'Labor Rates'!$B$4+S55) -> 0 | AA55: =SUM(T55*'Labor Rates'!$B$4+T55) -> 0 | AB55: =SUM(U55*'Labor Rates'!$B$4+U55) -> 0 | AD55: =SUM(W55*'Labor Rates'!$B$4+W55) -> 0 | AE55: =SUM(X55*'Labor Rates'!$B$4+X55) -> 0 | AF55: =SUM(Y55*'Labor Rates'!$B$4+Y55) -> 0 | AG55: =SUM(Z55*'Labor Rates'!$B$4+Z55) -> 0 | AH55: =SUM(AA55*'Labor Rates'!$B$4+AA55) -> 0 | AI55: =SUM(AB55*'Labor Rates'!$B$4+AB55) -> 0
A56: Network and Infrastructure Program Manager - Senior Level | B56: 0 | C56: =+B56+('Labor Rates'!$B$5*B56) -> 0 | D56: 0 | E56: =+D56+('Labor Rates'!$B$5*D56) -> 0 | F56: 0 | G56: =+F56+('Labor Rates'!$B$5*F56) -> 0 | I56: =SUM(B56*'Labor Rates'!$B$4+B56) -> 0 | J56: =SUM(C56*'Labor Rates'!$B$4+C56) -> 0 | K56: =SUM(D56*'Labor Rates'!$B$4+D56) -> 0 | L56: =SUM(E56*'Labor Rates'!$B$4+E56) -> 0 | M56: =SUM(F56*'Labor Rates'!$B$4+F56) -> 0 | N56: =SUM(G56*'Labor Rates'!$B$4+G56) -> 0 | P56: =SUM(I56*'Labor Rates'!$B$4+I56) -> 0 | Q56: =SUM(J56*'Labor Rates'!$B$4+J56) -> 0 | R56: =SUM(K56*'Labor Rates'!$B$4+K56) -> 0 | S56: =SUM(L56*'Labor Rates'!$B$4+L56) -> 0 | T56: =SUM(M56*'Labor Rates'!$B$4+M56) -> 0 | U56: =SUM(N56*'Labor Rates'!$B$4+N56) -> 0 | W56: =SUM(P56*'Labor Rates'!$B$4+P56) -> 0 | X56: =SUM(Q56*'Labor Rates'!$B$4+Q56) -> 0 | Y56: =SUM(R56*'Labor Rates'!$B$4+R56) -> 0 | Z56: =SUM(S56*'Labor Rates'!$B$4+S56) -> 0 | AA56: =SUM(T56*'Labor Rates'!$B$4+T56) -> 0 | AB56: =SUM(U56*'Labor Rates'!$B$4+U56) -> 0 | AD56: =SUM(W56*'Labor Rates'!$B$4+W56) -> 0 | AE56: =SUM(X56*'Labor Rates'!$B$4+X56) -> 0 | AF56: =SUM(Y56*'Labor Rates'!$B$4+Y56) -> 0 | AG56: =SUM(Z56*'Labor Rates'!$B$4+Z56) -> 0 | AH56: =SUM(AA56*'Labor Rates'!$B$4+AA56) -> 0 | AI56: =SUM(AB56*'Labor Rates'!$B$4+AB56) -> 0
A57: Network and Infrastructure Program Manager - Mid-Level | B57: 0 | C57: =+B57+('Labor Rates'!$B$5*B57) -> 0 | D57: 0 | E57: =+D57+('Labor Rates'!$B$5*D57) -> 0 | F57: 0 | G57: =+F57+('Labor Rates'!$B$5*F57) -> 0 | I57: =SUM(B57*'Labor Rates'!$B$4+B57) -> 0 | J57: =SUM(C57*'Labor Rates'!$B$4+C57) -> 0 | K57: =SUM(D57*'Labor Rates'!$B$4+D57) -> 0 | L57: =SUM(E57*'Labor Rates'!$B$4+E57) -> 0 | M57: =SUM(F57*'Labor Rates'!$B$4+F57) -> 0 | N57: =SUM(G57*'Labor Rates'!$B$4+G57) -> 0 | P57: =SUM(I57*'Labor Rates'!$B$4+I57) -> 0 | Q57: =SUM(J57*'Labor Rates'!$B$4+J57) -> 0 | R57: =SUM(K57*'Labor Rates'!$B$4+K57) -> 0 | S57: =SUM(L57*'Labor Rates'!$B$4+L57) -> 0 | T57: =SUM(M57*'Labor Rates'!$B$4+M57) -> 0 | U57: =SUM(N57*'Labor Rates'!$B$4+N57) -> 0 | W57: =SUM(P57*'Labor Rates'!$B$4+P57) -> 0 | X57: =SUM(Q57*'Labor Rates'!$B$4+Q57) -> 0 | Y57: =SUM(R57*'Labor Rates'!$B$4+R57) -> 0 | Z57: =SUM(S57*'Labor Rates'!$B$4+S57) -> 0 | AA57: =SUM(T57*'Labor Rates'!$B$4+T57) -> 0 | AB57: =SUM(U57*'Labor Rates'!$B$4+U57) -> 0 | AD57: =SUM(W57*'Labor Rates'!$B$4+W57) -> 0 | AE57: =SUM(X57*'Labor Rates'!$B$4+X57) -> 0 | AF57: =SUM(Y57*'Labor Rates'!$B$4+Y57) -> 0 | AG57: =SUM(Z57*'Labor Rates'!$B$4+Z57) -> 0 | AH57: =SUM(AA57*'Labor Rates'!$B$4+AA57) -> 0 | AI57: =SUM(AB57*'Labor Rates'!$B$4+AB57) -> 0
A58: Network and Infrastructure Project Manager - Senior Level | B58: 0 | C58: =+B58+('Labor Rates'!$B$5*B58) -> 0 | D58: 0 | E58: =+D58+('Labor Rates'!$B$5*D58) -> 0 | F58: 0 | G58: =+F58+('Labor Rates'!$B$5*F58) -> 0 | I58: =SUM(B58*'Labor Rates'!$B$4+B58) -> 0 | J58: =SUM(C58*'Labor Rates'!$B$4+C58) -> 0 | K58: =SUM(D58*'Labor Rates'!$B$4+D58) -> 0 | L58: =SUM(E58*'Labor Rates'!$B$4+E58) -> 0 | M58: =SUM(F58*'Labor Rates'!$B$4+F58) -> 0 | N58: =SUM(G58*'Labor Rates'!$B$4+G58) -> 0 | P58: =SUM(I58*'Labor Rates'!$B$4+I58) -> 0 | Q58: =SUM(J58*'Labor Rates'!$B$4+J58) -> 0 | R58: =SUM(K58*'Labor Rates'!$B$4+K58) -> 0 | S58: =SUM(L58*'Labor Rates'!$B$4+L58) -> 0 | T58: =SUM(M58*'Labor Rates'!$B$4+M58) -> 0 | U58: =SUM(N58*'Labor Rates'!$B$4+N58) -> 0 | W58: =SUM(P58*'Labor Rates'!$B$4+P58) -> 0 | X58: =SUM(Q58*'Labor Rates'!$B$4+Q58) -> 0 | Y58: =SUM(R58*'Labor Rates'!$B$4+R58) -> 0 | Z58: =SUM(S58*'Labor Rates'!$B$4+S58) -> 0 | AA58: =SUM(T58*'Labor Rates'!$B$4+T58) -> 0 | AB58: =SUM(U58*'Labor Rates'!$B$4+U58) -> 0 | AD58: =SUM(W58*'Labor Rates'!$B$4+W58) -> 0 | AE58: =SUM(X58*'Labor Rates'!$B$4+X58) -> 0 | AF58: =SUM(Y58*'Labor Rates'!$B$4+Y58) -> 0 | AG58: =SUM(Z58*'Labor Rates'!$B$4+Z58) -> 0 | AH58: =SUM(AA58*'Labor Rates'!$B$4+AA58) -> 0 | AI58: =SUM(AB58*'Labor Rates'!$B$4+AB58) -> 0
A59: Network and Infrastructure Project Manager - Mid-Level | B59: 0 | C59: =+B59+('Labor Rates'!$B$5*B59) -> 0 | D59: 0 | E59: =+D59+('Labor Rates'!$B$5*D59) -> 0 | F59: 0 | G59: =+F59+('Labor Rates'!$B$5*F59) -> 0 | I59: =SUM(B59*'Labor Rates'!$B$4+B59) -> 0 | J59: =SUM(C59*'Labor Rates'!$B$4+C59) -> 0 | K59: =SUM(D59*'Labor Rates'!$B$4+D59) -> 0 | L59: =SUM(E59*'Labor Rates'!$B$4+E59) -> 0 | M59: =SUM(F59*'Labor Rates'!$B$4+F59) -> 0 | N59: =SUM(G59*'Labor Rates'!$B$4+G59) -> 0 | P59: =SUM(I59*'Labor Rates'!$B$4+I59) -> 0 | Q59: =SUM(J59*'Labor Rates'!$B$4+J59) -> 0 | R59: =SUM(K59*'Labor Rates'!$B$4+K59) -> 0 | S59: =SUM(L59*'Labor Rates'!$B$4+L59) -> 0 | T59: =SUM(M59*'Labor Rates'!$B$4+M59) -> 0 | U59: =SUM(N59*'Labor Rates'!$B$4+N59) -> 0 | W59: =SUM(P59*'Labor Rates'!$B$4+P59) -> 0 | X59: =SUM(Q59*'Labor Rates'!$B$4+Q59) -> 0 | Y59: =SUM(R59*'Labor Rates'!$B$4+R59) -> 0 | Z59: =SUM(S59*'Labor Rates'!$B$4+S59) -> 0 | AA59: =SUM(T59*'Labor Rates'!$B$4+T59) -> 0 | AB59: =SUM(U59*'Labor Rates'!$B$4+U59) -> 0 | AD59: =SUM(W59*'Labor Rates'!$B$4+W59) -> 0 | AE59: =SUM(X59*'Labor Rates'!$B$4+X59) -> 0 | AF59: =SUM(Y59*'Labor Rates'!$B$4+Y59) -> 0 | AG59: =SUM(Z59*'Labor Rates'!$B$4+Z59) -> 0 | AH59: =SUM(AA59*'Labor Rates'!$B$4+AA59) -> 0 | AI59: =SUM(AB59*'Labor Rates'!$B$4+AB59) -> 0
A60: Network and Infrastructure Project Manager - Junior Level | B60: 0 | C60: =+B60+('Labor Rates'!$B$5*B60) -> 0 | D60: 0 | E60: =+D60+('Labor Rates'!$B$5*D60) -> 0 | F60: 0 | G60: =+F60+('Labor Rates'!$B$5*F60) -> 0 | I60: =SUM(B60*'Labor Rates'!$B$4+B60) -> 0 | J60: =SUM(C60*'Labor Rates'!$B$4+C60) -> 0 | K60: =SUM(D60*'Labor Rates'!$B$4+D60) -> 0 | L60: =SUM(E60*'Labor Rates'!$B$4+E60) -> 0 | M60: =SUM(F60*'Labor Rates'!$B$4+F60) -> 0 | N60: =SUM(G60*'Labor Rates'!$B$4+G60) -> 0 | P60: =SUM(I60*'Labor Rates'!$B$4+I60) -> 0 | Q60: =SUM(J60*'Labor Rates'!$B$4+J60) -> 0 | R60: =SUM(K60*'Labor Rates'!$B$4+K60) -> 0 | S60: =SUM(L60*'Labor Rates'!$B$4+L60) -> 0 | T60: =SUM(M60*'Labor Rates'!$B$4+M60) -> 0 | U60: =SUM(N60*'Labor Rates'!$B$4+N60) -> 0 | W60: =SUM(P60*'Labor Rates'!$B$4+P60) -> 0 | X60: =SUM(Q60*'Labor Rates'!$B$4+Q60) -> 0 | Y60: =SUM(R60*'Labor Rates'!$B$4+R60) -> 0 | Z60: =SUM(S60*'Labor Rates'!$B$4+S60) -> 0 | AA60: =SUM(T60*'Labor Rates'!$B$4+T60) -> 0 | AB60: =SUM(U60*'Labor Rates'!$B$4+U60) -> 0 | AD60: =SUM(W60*'Labor Rates'!$B$4+W60) -> 0 | AE60: =SUM(X60*'Labor Rates'!$B$4+X60) -> 0 | AF60: =SUM(Y60*'Labor Rates'!$B$4+Y60) -> 0 | AG60: =SUM(Z60*'Labor Rates'!$B$4+Z60) -> 0 | AH60: =SUM(AA60*'Labor Rates'!$B$4+AA60) -> 0 | AI60: =SUM(AB60*'Labor Rates'!$B$4+AB60) -> 0
A61: Cloud and Platform Monitoring Project Manager - Senior Level | B61: 0 | C61: =+B61+('Labor Rates'!$B$5*B61) -> 0 | D61: 0 | E61: =+D61+('Labor Rates'!$B$5*D61) -> 0 | F61: 0 | G61: =+F61+('Labor Rates'!$B$5*F61) -> 0 | I61: =SUM(B61*'Labor Rates'!$B$4+B61) -> 0 | J61: =SUM(C61*'Labor Rates'!$B$4+C61) -> 0 | K61: =SUM(D61*'Labor Rates'!$B$4+D61) -> 0 | L61: =SUM(E61*'Labor Rates'!$B$4+E61) -> 0 | M61: =SUM(F61*'Labor Rates'!$B$4+F61) -> 0 | N61: =SUM(G61*'Labor Rates'!$B$4+G61) -> 0 | P61: =SUM(I61*'Labor Rates'!$B$4+I61) -> 0 | Q61: =SUM(J61*'Labor Rates'!$B$4+J61) -> 0 | R61: =SUM(K61*'Labor Rates'!$B$4+K61) -> 0 | S61: =SUM(L61*'Labor Rates'!$B$4+L61) -> 0 | T61: =SUM(M61*'Labor Rates'!$B$4+M61) -> 0 | U61: =SUM(N61*'Labor Rates'!$B$4+N61) -> 0 | W61: =SUM(P61*'Labor Rates'!$B$4+P61) -> 0 | X61: =SUM(Q61*'Labor Rates'!$B$4+Q61) -> 0 | Y61: =SUM(R61*'Labor Rates'!$B$4+R61) -> 0 | Z61: =SUM(S61*'Labor Rates'!$B$4+S61) -> 0 | AA61: =SUM(T61*'Labor Rates'!$B$4+T61) -> 0 | AB61: =SUM(U61*'Labor Rates'!$B$4+U61) -> 0 | AD61: =SUM(W61*'Labor Rates'!$B$4+W61) -> 0 | AE61: =SUM(X61*'Labor Rates'!$B$4+X61) -> 0 | AF61: =SUM(Y61*'Labor Rates'!$B$4+Y61) -> 0 | AG61: =SUM(Z61*'Labor Rates'!$B$4+Z61) -> 0 | AH61: =SUM(AA61*'Labor Rates'!$B$4+AA61) -> 0 | AI61: =SUM(AB61*'Labor Rates'!$B$4+AB61) -> 0
A62: Cloud and Platform Monitoring Project Manager - Mid-Level | B62: 0 | C62: =+B62+('Labor Rates'!$B$5*B62) -> 0 | D62: 0 | E62: =+D62+('Labor Rates'!$B$5*D62) -> 0 | F62: 0 | G62: =+F62+('Labor Rates'!$B$5*F62) -> 0 | I62: =SUM(B62*'Labor Rates'!$B$4+B62) -> 0 | J62: =SUM(C62*'Labor Rates'!$B$4+C62) -> 0 | K62: =SUM(D62*'Labor Rates'!$B$4+D62) -> 0 | L62: =SUM(E62*'Labor Rates'!$B$4+E62) -> 0 | M62: =SUM(F62*'Labor Rates'!$B$4+F62) -> 0 | N62: =SUM(G62*'Labor Rates'!$B$4+G62) -> 0 | P62: =SUM(I62*'Labor Rates'!$B$4+I62) -> 0 | Q62: =SUM(J62*'Labor Rates'!$B$4+J62) -> 0 | R62: =SUM(K62*'Labor Rates'!$B$4+K62) -> 0 | S62: =SUM(L62*'Labor Rates'!$B$4+L62) -> 0 | T62: =SUM(M62*'Labor Rates'!$B$4+M62) -> 0 | U62: =SUM(N62*'Labor Rates'!$B$4+N62) -> 0 | W62: =SUM(P62*'Labor Rates'!$B$4+P62) -> 0 | X62: =SUM(Q62*'Labor Rates'!$B$4+Q62) -> 0 | Y62: =SUM(R62*'Labor Rates'!$B$4+R62) -> 0 | Z62: =SUM(S62*'Labor Rates'!$B$4+S62) -> 0 | AA62: =SUM(T62*'Labor Rates'!$B$4+T62) -> 0 | AB62: =SUM(U62*'Labor Rates'!$B$4+U62) -> 0 | AD62: =SUM(W62*'Labor Rates'!$B$4+W62) -> 0 | AE62: =SUM(X62*'Labor Rates'!$B$4+X62) -> 0 | AF62: =SUM(Y62*'Labor Rates'!$B$4+Y62) -> 0 | AG62: =SUM(Z62*'Labor Rates'!$B$4+Z62) -> 0 | AH62: =SUM(AA62*'Labor Rates'!$B$4+AA62) -> 0 | AI62: =SUM(AB62*'Labor Rates'!$B$4+AB62) -> 0
... A166: Web Developer - Junior Level | B166: 0 | C166: =+B166+('Labor Rates'!$B$5*B166) -> 0 | D166: 0 | E166: =+D166+('Labor Rates'!$B$5*D166) -> 0 | F166: 0 | G166: =+F166+('Labor Rates'!$B$5*F166) -> 0 | I166: =SUM(B166*'Labor Rates'!$B$4+B166) -> 0 | J166: =SUM(C166*'Labor Rates'!$B$4+C166) -> 0 | K166: =SUM(D166*'Labor Rates'!$B$4+D166) -> 0 | L166: =SUM(E166*'Labor Rates'!$B$4+E166) -> 0 | M166: =SUM(F166*'Labor Rates'!$B$4+F166) -> 0 | N166: =SUM(G166*'Labor Rates'!$B$4+G166) -> 0 | P166: =SUM(I166*'Labor Rates'!$B$4+I166) -> 0 | Q166: =SUM(J166*'Labor Rates'!$B$4+J166) -> 0 | R166: =SUM(K166*'Labor Rates'!$B$4+K166) -> 0 | S166: =SUM(L166*'Labor Rates'!$B$4+L166) -> 0 | T166: =SUM(M166*'Labor Rates'!$B$4+M166) -> 0 | U166: =SUM(N166*'Labor Rates'!$B$4+N166) -> 0 | W166: =SUM(P166*'Labor Rates'!$B$4+P166) -> 0 | X166: =SUM(Q166*'Labor Rates'!$B$4+Q166) -> 0 | Y166: =SUM(R166*'Labor Rates'!$B$4+R166) -> 0 | Z166: =SUM(S166*'Labor Rates'!$B$4+S166) -> 0 | AA166: =SUM(T166*'Labor Rates'!$B$4+T166) -> 0 | AB166: =SUM(U166*'Labor Rates'!$B$4+U166) -> 0 | AD166: =SUM(W166*'Labor Rates'!$B$4+W166) -> 0 | AE166: =SUM(X166*'Labor Rates'!$B$4+X166) -> 0 | AF166: =SUM(Y166*'Labor Rates'!$B$4+Y166) -> 0 | AG166: =SUM(Z166*'Labor Rates'!$B$4+Z166) -> 0 | AH166: =SUM(AA166*'Labor Rates'!$B$4+AA166) -> 0 | AI166: =SUM(AB166*'Labor Rates'!$B$4+AB166) -> 0
A167: Task 4 - HSEN Network Infrastructure Operations and Maintenance Support
A168: Computer and Information Systems Manager - Senior Level | B168: 0 | C168: =+B168+('Labor Rates'!$B$5*B168) -> 0 | D168: 0 | E168: =+D168+('Labor Rates'!$B$5*D168) -> 0 | F168: 0 | G168: =+F168+('Labor Rates'!$B$5*F168) -> 0 | I168: =SUM(B168*'Labor Rates'!$B$4+B168) -> 0 | J168: =SUM(C168*'Labor Rates'!$B$4+C168) -> 0 | K168: =SUM(D168*'Labor Rates'!$B$4+D168) -> 0 | L168: =SUM(E168*'Labor Rates'!$B$4+E168) -> 0 | M168: =SUM(F168*'Labor Rates'!$B$4+F168) -> 0 | N168: =SUM(G168*'Labor Rates'!$B$4+G168) -> 0 | P168: =SUM(I168*'Labor Rates'!$B$4+I168) -> 0 | Q168: =SUM(J168*'Labor Rates'!$B$4+J168) -> 0 | R168: =SUM(K168*'Labor Rates'!$B$4+K168) -> 0 | S168: =SUM(L168*'Labor Rates'!$B$4+L168) -> 0 | T168: =SUM(M168*'Labor Rates'!$B$4+M168) -> 0 | U168: =SUM(N168*'Labor Rates'!$B$4+N168) -> 0 | W168: =SUM(P168*'Labor Rates'!$B$4+P168) -> 0 | X168: =SUM(Q168*'Labor Rates'!$B$4+Q168) -> 0 | Y168: =SUM(R168*'Labor Rates'!$B$4+R168) -> 0 | Z168: =SUM(S168*'Labor Rates'!$B$4+S168) -> 0 | AA168: =SUM(T168*'Labor Rates'!$B$4+T168) -> 0 | AB168: =SUM(U168*'Labor Rates'!$B$4+U168) -> 0 | AD168: =SUM(W168*'Labor Rates'!$B$4+W168) -> 0 | AE168: =SUM(X168*'Labor Rates'!$B$4+X168) -> 0 | AF168: =SUM(Y168*'Labor Rates'!$B$4+Y168) -> 0 | AG168: =SUM(Z168*'Labor Rates'!$B$4+Z168) -> 0 | AH168: =SUM(AA168*'Labor Rates'!$B$4+AA168) -> 0 | AI168: =SUM(AB168*'Labor Rates'!$B$4+AB168) -> 0
A169: Computer and Information Systems Manager - Mid-Level | B169: 0 | C169: =+B169+('Labor Rates'!$B$5*B169) -> 0 | D169: 0 | E169: =+D169+('Labor Rates'!$B$5*D169) -> 0 | F169: 0 | G169: =+F169+('Labor Rates'!$B$5*F169) -> 0 | I169: =SUM(B169*'Labor Rates'!$B$4+B169) -> 0 | J169: =SUM(C169*'Labor Rates'!$B$4+C169) -> 0 | K169: =SUM(D169*'Labor Rates'!$B$4+D169) -> 0 | L169: =SUM(E169*'Labor Rates'!$B$4+E169) -> 0 | M169: =SUM(F169*'Labor Rates'!$B$4+F169) -> 0 | N169: =SUM(G169*'Labor Rates'!$B$4+G169) -> 0 | P169: =SUM(I169*'Labor Rates'!$B$4+I169) -> 0 | Q169: =SUM(J169*'Labor Rates'!$B$4+J169) -> 0 | R169: =SUM(K169*'Labor Rates'!$B$4+K169) -> 0 | S169: =SUM(L169*'Labor Rates'!$B$4+L169) -> 0 | T169: =SUM(M169*'Labor Rates'!$B$4+M169) -> 0 | U169: =SUM(N169*'Labor Rates'!$B$4+N169) -> 0 | W169: =SUM(P169*'Labor Rates'!$B$4+P169) -> 0 | X169: =SUM(Q169*'Labor Rates'!$B$4+Q169) -> 0 | Y169: =SUM(R169*'Labor Rates'!$B$4+R169) -> 0 | Z169: =SUM(S169*'Labor Rates'!$B$4+S169) -> 0 | AA169: =SUM(T169*'Labor Rates'!$B$4+T169) -> 0 | AB169: =SUM(U169*'Labor Rates'!$B$4+U169) -> 0 | AD169: =SUM(W169*'Labor Rates'!$B$4+W169) -> 0 | AE169: =SUM(X169*'Labor Rates'!$B$4+X169) -> 0 | AF169: =SUM(Y169*'Labor Rates'!$B$4+Y169) -> 0 | AG169: =SUM(Z169*'Labor Rates'!$B$4+Z169) -> 0 | AH169: =SUM(AA169*'Labor Rates'!$B$4+AA169) -> 0 | AI169: =SUM(AB169*'Labor Rates'!$B$4+AB169) -> 0
A170: Computer and Information Systems Manager - Junior Level | B170: 0 | C170: =+B170+('Labor Rates'!$B$5*B170) -> 0 | D170: 0 | E170: =+D170+('Labor Rates'!$B$5*D170) -> 0 | F170: 0 | G170: =+F170+('Labor Rates'!$B$5*F170) -> 0 | I170: =SUM(B170*'Labor Rates'!$B$4+B170) -> 0 | J170: =SUM(C170*'Labor Rates'!$B$4+C170) -> 0 | K170: =SUM(D170*'Labor Rates'!$B$4+D170) -> 0 | L170: =SUM(E170*'Labor Rates'!$B$4+E170) -> 0 | M170: =SUM(F170*'Labor Rates'!$B$4+F170) -> 0 | N170: =SUM(G170*'Labor Rates'!$B$4+G170) -> 0 | P170: =SUM(I170*'Labor Rates'!$B$4+I170) -> 0 | Q170: =SUM(J170*'Labor Rates'!$B$4+J170) -> 0 | R170: =SUM(K170*'Labor Rates'!$B$4+K170) -> 0 | S170: =SUM(L170*'Labor Rates'!$B$4+L170) -> 0 | T170: =SUM(M170*'Labor Rates'!$B$4+M170) -> 0 | U170: =SUM(N170*'Labor Rates'!$B$4+N170) -> 0 | W170: =SUM(P170*'Labor Rates'!$B$4+P170) -> 0 | X170: =SUM(Q170*'Labor Rates'!$B$4+Q170) -> 0 | Y170: =SUM(R170*'Labor Rates'!$B$4+R170) -> 0 | Z170: =SUM(S170*'Labor Rates'!$B$4+S170) -> 0 | AA170: =SUM(T170*'Labor Rates'!$B$4+T170) -> 0 | AB170: =SUM(U170*'Labor Rates'!$B$4+U170) -> 0 | AD170: =SUM(W170*'Labor Rates'!$B$4+W170) -> 0 | AE170: =SUM(X170*'Labor Rates'!$B$4+X170) -> 0 | AF170: =SUM(Y170*'Labor Rates'!$B$4+Y170) -> 0 | AG170: =SUM(Z170*'Labor Rates'!$B$4+Z170) -> 0 | AH170: =SUM(AA170*'Labor Rates'!$B$4+AA170) -> 0 | AI170: =SUM(AB170*'Labor Rates'!$B$4+AB170) -> 0
A171: Computer Hardware Engineer - Senior Level | B171: 0 | C171: =+B171+('Labor Rates'!$B$5*B171) -> 0 | D171: 0 | E171: =+D171+('Labor Rates'!$B$5*D171) -> 0 | F171: 0 | G171: =+F171+('Labor Rates'!$B$5*F171) -> 0 | I171: =SUM(B171*'Labor Rates'!$B$4+B171) -> 0 | J171: =SUM(C171*'Labor Rates'!$B$4+C171) -> 0 | K171: =SUM(D171*'Labor Rates'!$B$4+D171) -> 0 | L171: =SUM(E171*'Labor Rates'!$B$4+E171) -> 0 | M171: =SUM(F171*'Labor Rates'!$B$4+F171) -> 0 | N171: =SUM(G171*'Labor Rates'!$B$4+G171) -> 0 | P171: =SUM(I171*'Labor Rates'!$B$4+I171) -> 0 | Q171: =SUM(J171*'Labor Rates'!$B$4+J171) -> 0 | R171: =SUM(K171*'Labor Rates'!$B$4+K171) -> 0 | S171: =SUM(L171*'Labor Rates'!$B$4+L171) -> 0 | T171: =SUM(M171*'Labor Rates'!$B$4+M171) -> 0 | U171: =SUM(N171*'Labor Rates'!$B$4+N171) -> 0 | W171: =SUM(P171*'Labor Rates'!$B$4+P171) -> 0 | X171: =SUM(Q171*'Labor Rates'!$B$4+Q171) -> 0 | Y171: =SUM(R171*'Labor Rates'!$B$4+R171) -> 0 | Z171: =SUM(S171*'Labor Rates'!$B$4+S171) -> 0 | AA171: =SUM(T171*'Labor Rates'!$B$4+T171) -> 0 | AB171: =SUM(U171*'Labor Rates'!$B$4+U171) -> 0 | AD171: =SUM(W171*'Labor Rates'!$B$4+W171) -> 0 | AE171: =SUM(X171*'Labor Rates'!$B$4+X171) -> 0 | AF171: =SUM(Y171*'Labor Rates'!$B$4+Y171) -> 0 | AG171: =SUM(Z171*'Labor Rates'!$B$4+Z171) -> 0 | AH171: =SUM(AA171*'Labor Rates'!$B$4+AA171) -> 0 | AI171: =SUM(AB171*'Labor Rates'!$B$4+AB171) -> 0
A172: Computer Hardware Engineer - Mid-Level | B172: 0 | C172: =+B172+('Labor Rates'!$B$5*B172) -> 0 | D172: 0 | E172: =+D172+('Labor Rates'!$B$5*D172) -> 0 | F172: 0 | G172: =+F172+('Labor Rates'!$B$5*F172) -> 0 | I172: =SUM(B172*'Labor Rates'!$B$4+B172) -> 0 | J172: =SUM(C172*'Labor Rates'!$B$4+C172) -> 0 | K172: =SUM(D172*'Labor Rates'!$B$4+D172) -> 0 | L172: =SUM(E172*'Labor Rates'!$B$4+E172) -> 0 | M172: =SUM(F172*'Labor Rates'!$B$4+F172) -> 0 | N172: =SUM(G172*'Labor Rates'!$B$4+G172) -> 0 | P172: =SUM(I172*'Labor Rates'!$B$4+I172) -> 0 | Q172: =SUM(J172*'Labor Rates'!$B$4+J172) -> 0 | R172: =SUM(K172*'Labor Rates'!$B$4+K172) -> 0 | S172: =SUM(L172*'Labor Rates'!$B$4+L172) -> 0 | T172: =SUM(M172*'Labor Rates'!$B$4+M172) -> 0 | U172: =SUM(N172*'Labor Rates'!$B$4+N172) -> 0 | W172: =SUM(P172*'Labor Rates'!$B$4+P172) -> 0 | X172: =SUM(Q172*'Labor Rates'!$B$4+Q172) -> 0 | Y172: =SUM(R172*'Labor Rates'!$B$4+R172) -> 0 | Z172: =SUM(S172*'Labor Rates'!$B$4+S172) -> 0 | AA172: =SUM(T172*'Labor Rates'!$B$4+T172) -> 0 | AB172: =SUM(U172*'Labor Rates'!$B$4+U172) -> 0 | AD172: =SUM(W172*'Labor Rates'!$B$4+W172) -> 0 | AE172: =SUM(X172*'Labor Rates'!$B$4+X172) -> 0 | AF172: =SUM(Y172*'Labor Rates'!$B$4+Y172) -> 0 | AG172: =SUM(Z172*'Labor Rates'!$B$4+Z172) -> 0 | AH172: =SUM(AA172*'Labor Rates'!$B$4+AA172) -> 0 | AI172: =SUM(AB172*'Labor Rates'!$B$4+AB172) -> 0
A173: Computer Hardware Engineer - Junior Level | B173: 0 | C173: =+B173+('Labor Rates'!$B$5*B173) -> 0 | D173: 0 | E173: =+D173+('Labor Rates'!$B$5*D173) -> 0 | F173: 0 | G173: =+F173+('Labor Rates'!$B$5*F173) -> 0 | I173: =SUM(B173*'Labor Rates'!$B$4+B173) -> 0 | J173: =SUM(C173*'Labor Rates'!$B$4+C173) -> 0 | K173: =SUM(D173*'Labor Rates'!$B$4+D173) -> 0 | L173: =SUM(E173*'Labor Rates'!$B$4+E173) -> 0 | M173: =SUM(F173*'Labor Rates'!$B$4+F173) -> 0 | N173: =SUM(G173*'Labor Rates'!$B$4+G173) -> 0 | P173: =SUM(I173*'Labor Rates'!$B$4+I173) -> 0 | Q173: =SUM(J173*'Labor Rates'!$B$4+J173) -> 0 | R173: =SUM(K173*'Labor Rates'!$B$4+K173) -> 0 | S173: =SUM(L173*'Labor Rates'!$B$4+L173) -> 0 | T173: =SUM(M173*'Labor Rates'!$B$4+M173) -> 0 | U173: =SUM(N173*'Labor Rates'!$B$4+N173) -> 0 | W173: =SUM(P173*'Labor Rates'!$B$4+P173) -> 0 | X173: =SUM(Q173*'Labor Rates'!$B$4+Q173) -> 0 | Y173: =SUM(R173*'Labor Rates'!$B$4+R173) -> 0 | Z173: =SUM(S173*'Labor Rates'!$B$4+S173) -> 0 | AA173: =SUM(T173*'Labor Rates'!$B$4+T173) -> 0 | AB173: =SUM(U173*'Labor Rates'!$B$4+U173) -> 0 | AD173: =SUM(W173*'Labor Rates'!$B$4+W173) -> 0 | AE173: =SUM(X173*'Labor Rates'!$B$4+X173) -> 0 | AF173: =SUM(Y173*'Labor Rates'!$B$4+Y173) -> 0 | AG173: =SUM(Z173*'Labor Rates'!$B$4+Z173) -> 0 | AH173: =SUM(AA173*'Labor Rates'!$B$4+AA173) -> 0 | AI173: =SUM(AB173*'Labor Rates'!$B$4+AB173) -> 0
A174: Information Assurance Engineer - Senior Level | B174: 0 | C174: =+B174+('Labor Rates'!$B$5*B174) -> 0 | D174: 0 | E174: =+D174+('Labor Rates'!$B$5*D174) -> 0 | F174: 0 | G174: =+F174+('Labor Rates'!$B$5*F174) -> 0 | I174: =SUM(B174*'Labor Rates'!$B$4+B174) -> 0 | J174: =SUM(C174*'Labor Rates'!$B$4+C174) -> 0 | K174: =SUM(D174*'Labor Rates'!$B$4+D174) -> 0 | L174: =SUM(E174*'Labor Rates'!$B$4+E174) -> 0 | M174: =SUM(F174*'Labor Rates'!$B$4+F174) -> 0 | N174: =SUM(G174*'Labor Rates'!$B$4+G174) -> 0 | P174: =SUM(I174*'Labor Rates'!$B$4+I174) -> 0 | Q174: =SUM(J174*'Labor Rates'!$B$4+J174) -> 0 | R174: =SUM(K174*'Labor Rates'!$B$4+K174) -> 0 | S174: =SUM(L174*'Labor Rates'!$B$4+L174) -> 0 | T174: =SUM(M174*'Labor Rates'!$B$4+M174) -> 0 | U174: =SUM(N174*'Labor Rates'!$B$4+N174) -> 0 | W174: =SUM(P174*'Labor Rates'!$B$4+P174) -> 0 | X174: =SUM(Q174*'Labor Rates'!$B$4+Q174) -> 0 | Y174: =SUM(R174*'Labor Rates'!$B$4+R174) -> 0 | Z174: =SUM(S174*'Labor Rates'!$B$4+S174) -> 0 | AA174: =SUM(T174*'Labor Rates'!$B$4+T174) -> 0 | AB174: =SUM(U174*'Labor Rates'!$B$4+U174) -> 0 | AD174: =SUM(W174*'Labor Rates'!$B$4+W174) -> 0 | AE174: =SUM(X174*'Labor Rates'!$B$4+X174) -> 0 | AF174: =SUM(Y174*'Labor Rates'!$B$4+Y174) -> 0 | AG174: =SUM(Z174*'Labor Rates'!$B$4+Z174) -> 0 | AH174: =SUM(AA174*'Labor Rates'!$B$4+AA174) -> 0 | AI174: =SUM(AB174*'Labor Rates'!$B$4+AB174) -> 0
A175: Information Assurance Engineer - Mid-Level | B175: 0 | C175: =+B175+('Labor Rates'!$B$5*B175) -> 0 | D175: 0 | E175: =+D175+('Labor Rates'!$B$5*D175) -> 0 | F175: 0 | G175: =+F175+('Labor Rates'!$B$5*F175) -> 0 | I175: =SUM(B175*'Labor Rates'!$B$4+B175) -> 0 | J175: =SUM(C175*'Labor Rates'!$B$4+C175) -> 0 | K175: =SUM(D175*'Labor Rates'!$B$4+D175) -> 0 | L175: =SUM(E175*'Labor Rates'!$B$4+E175) -> 0 | M175: =SUM(F175*'Labor Rates'!$B$4+F175) -> 0 | N175: =SUM(G175*'Labor Rates'!$B$4+G175) -> 0 | P175: =SUM(I175*'Labor Rates'!$B$4+I175) -> 0 | Q175: =SUM(J175*'Labor Rates'!$B$4+J175) -> 0 | R175: =SUM(K175*'Labor Rates'!$B$4+K175) -> 0 | S175: =SUM(L175*'Labor Rates'!$B$4+L175) -> 0 | T175: =SUM(M175*'Labor Rates'!$B$4+M175) -> 0 | U175: =SUM(N175*'Labor Rates'!$B$4+N175) -> 0 | W175: =SUM(P175*'Labor Rates'!$B$4+P175) -> 0 | X175: =SUM(Q175*'Labor Rates'!$B$4+Q175) -> 0 | Y175: =SUM(R175*'Labor Rates'!$B$4+R175) -> 0 | Z175: =SUM(S175*'Labor Rates'!$B$4+S175) -> 0 | AA175: =SUM(T175*'Labor Rates'!$B$4+T175) -> 0 | AB175: =SUM(U175*'Labor Rates'!$B$4+U175) -> 0 | AD175: =SUM(W175*'Labor Rates'!$B$4+W175) -> 0 | AE175: =SUM(X175*'Labor Rates'!$B$4+X175) -> 0 | AF175: =SUM(Y175*'Labor Rates'!$B$4+Y175) -> 0 | AG175: =SUM(Z175*'Labor Rates'!$B$4+Z175) -> 0 | AH175: =SUM(AA175*'Labor Rates'!$B$4+AA175) -> 0 | AI175: =SUM(AB175*'Labor Rates'!$B$4+AB175) -> 0
A176: Information Assurance Engineer - Junior Level | B176: 0 | C176: =+B176+('Labor Rates'!$B$5*B176) -> 0 | D176: 0 | E176: =+D176+('Labor Rates'!$B$5*D176) -> 0 | F176: 0 | G176: =+F176+('Labor Rates'!$B$5*F176) -> 0 | I176: =SUM(B176*'Labor Rates'!$B$4+B176) -> 0 | J176: =SUM(C176*'Labor Rates'!$B$4+C176) -> 0 | K176: =SUM(D176*'Labor Rates'!$B$4+D176) -> 0 | L176: =SUM(E176*'Labor Rates'!$B$4+E176) -> 0 | M176: =SUM(F176*'Labor Rates'!$B$4+F176) -> 0 | N176: =SUM(G176*'Labor Rates'!$B$4+G176) -> 0 | P176: =SUM(I176*'Labor Rates'!$B$4+I176) -> 0 | Q176: =SUM(J176*'Labor Rates'!$B$4+J176) -> 0 | R176: =SUM(K176*'Labor Rates'!$B$4+K176) -> 0 | S176: =SUM(L176*'Labor Rates'!$B$4+L176) -> 0 | T176: =SUM(M176*'Labor Rates'!$B$4+M176) -> 0 | U176: =SUM(N176*'Labor Rates'!$B$4+N176) -> 0 | W176: =SUM(P176*'Labor Rates'!$B$4+P176) -> 0 | X176: =SUM(Q176*'Labor Rates'!$B$4+Q176) -> 0 | Y176: =SUM(R176*'Labor Rates'!$B$4+R176) -> 0 | Z176: =SUM(S176*'Labor Rates'!$B$4+S176) -> 0 | AA176: =SUM(T176*'Labor Rates'!$B$4+T176) -> 0 | AB176: =SUM(U176*'Labor Rates'!$B$4+U176) -> 0 | AD176: =SUM(W176*'Labor Rates'!$B$4+W176) -> 0 | AE176: =SUM(X176*'Labor Rates'!$B$4+X176) -> 0 | AF176: =SUM(Y176*'Labor Rates'!$B$4+Y176) -> 0 | AG176: =SUM(Z176*'Labor Rates'!$B$4+Z176) -> 0 | AH176: =SUM(AA176*'Labor Rates'!$B$4+AA176) -> 0 | AI176: =SUM(AB176*'Labor Rates'!$B$4+AB176) -> 0
A177: Network Architect/Engineer - Senior Level | B177: 0 | C177: =+B177+('Labor Rates'!$B$5*B177) -> 0 | D177: 0 | E177: =+D177+('Labor Rates'!$B$5*D177) -> 0 | F177: 0 | G177: =+F177+('Labor Rates'!$B$5*F177) -> 0 | I177: =SUM(B177*'Labor Rates'!$B$4+B177) -> 0 | J177: =SUM(C177*'Labor Rates'!$B$4+C177) -> 0 | K177: =SUM(D177*'Labor Rates'!$B$4+D177) -> 0 | L177: =SUM(E177*'Labor Rates'!$B$4+E177) -> 0 | M177: =SUM(F177*'Labor Rates'!$B$4+F177) -> 0 | N177: =SUM(G177*'Labor Rates'!$B$4+G177) -> 0 | P177: =SUM(I177*'Labor Rates'!$B$4+I177) -> 0 | Q177: =SUM(J177*'Labor Rates'!$B$4+J177) -> 0 | R177: =SUM(K177*'Labor Rates'!$B$4+K177) -> 0 | S177: =SUM(L177*'Labor Rates'!$B$4+L177) -> 0 | T177: =SUM(M177*'Labor Rates'!$B$4+M177) -> 0 | U177: =SUM(N177*'Labor Rates'!$B$4+N177) -> 0 | W177: =SUM(P177*'Labor Rates'!$B$4+P177) -> 0 | X177: =SUM(Q177*'Labor Rates'!$B$4+Q177) -> 0 | Y177: =SUM(R177*'Labor Rates'!$B$4+R177) -> 0 | Z177: =SUM(S177*'Labor Rates'!$B$4+S177) -> 0 | AA177: =SUM(T177*'Labor Rates'!$B$4+T177) -> 0 | AB177: =SUM(U177*'Labor Rates'!$B$4+U177) -> 0 | AD177: =SUM(W177*'Labor Rates'!$B$4+W177) -> 0 | AE177: =SUM(X177*'Labor Rates'!$B$4+X177) -> 0 | AF177: =SUM(Y177*'Labor Rates'!$B$4+Y177) -> 0 | AG177: =SUM(Z177*'Labor Rates'!$B$4+Z177) -> 0 | AH177: =SUM(AA177*'Labor Rates'!$B$4+AA177) -> 0 | AI177: =SUM(AB177*'Labor Rates'!$B$4+AB177) -> 0
A178: Network Architect/Engineer - Mid-Level | B178: 0 | C178: =+B178+('Labor Rates'!$B$5*B178) -> 0 | D178: 0 | E178: =+D178+('Labor Rates'!$B$5*D178) -> 0 | F178: 0 | G178: =+F178+('Labor Rates'!$B$5*F178) -> 0 | I178: =SUM(B178*'Labor Rates'!$B$4+B178) -> 0 | J178: =SUM(C178*'Labor Rates'!$B$4+C178) -> 0 | K178: =SUM(D178*'Labor Rates'!$B$4+D178) -> 0 | L178: =SUM(E178*'Labor Rates'!$B$4+E178) -> 0 | M178: =SUM(F178*'Labor Rates'!$B$4+F178) -> 0 | N178: =SUM(G178*'Labor Rates'!$B$4+G178) -> 0 | P178: =SUM(I178*'Labor Rates'!$B$4+I178) -> 0 | Q178: =SUM(J178*'Labor Rates'!$B$4+J178) -> 0 | R178: =SUM(K178*'Labor Rates'!$B$4+K178) -> 0 | S178: =SUM(L178*'Labor Rates'!$B$4+L178) -> 0 | T178: =SUM(M178*'Labor Rates'!$B$4+M178) -> 0 | U178: =SUM(N178*'Labor Rates'!$B$4+N178) -> 0 | W178: =SUM(P178*'Labor Rates'!$B$4+P178) -> 0 | X178: =SUM(Q178*'Labor Rates'!$B$4+Q178) -> 0 | Y178: =SUM(R178*'Labor Rates'!$B$4+R178) -> 0 | Z178: =SUM(S178*'Labor Rates'!$B$4+S178) -> 0 | AA178: =SUM(T178*'Labor Rates'!$B$4+T178) -> 0 | AB178: =SUM(U178*'Labor Rates'!$B$4+U178) -> 0 | AD178: =SUM(W178*'Labor Rates'!$B$4+W178) -> 0 | AE178: =SUM(X178*'Labor Rates'!$B$4+X178) -> 0 | AF178: =SUM(Y178*'Labor Rates'!$B$4+Y178) -> 0 | AG178: =SUM(Z178*'Labor Rates'!$B$4+Z178) -> 0 | AH178: =SUM(AA178*'Labor Rates'!$B$4+AA178) -> 0 | AI178: =SUM(AB178*'Labor Rates'!$B$4+AB178) -> 0
A179: Network Architect/Engineer - Junior Level | B179: 0 | C179: =+B179+('Labor Rates'!$B$5*B179) -> 0 | D179: 0 | E179: =+D179+('Labor Rates'!$B$5*D179) -> 0 | F179: 0 | G179: =+F179+('Labor Rates'!$B$5*F179) -> 0 | I179: =SUM(B179*'Labor Rates'!$B$4+B179) -> 0 | J179: =SUM(C179*'Labor Rates'!$B$4+C179) -> 0 | K179: =SUM(D179*'Labor Rates'!$B$4+D179) -> 0 | L179: =SUM(E179*'Labor Rates'!$B$4+E179) -> 0 | M179: =SUM(F179*'Labor Rates'!$B$4+F179) -> 0 | N179: =SUM(G179*'Labor Rates'!$B$4+G179) -> 0 | P179: =SUM(I179*'Labor Rates'!$B$4+I179) -> 0 | Q179: =SUM(J179*'Labor Rates'!$B$4+J179) -> 0 | R179: =SUM(K179*'Labor Rates'!$B$4+K179) -> 0 | S179: =SUM(L179*'Labor Rates'!$B$4+L179) -> 0 | T179: =SUM(M179*'Labor Rates'!$B$4+M179) -> 0 | U179: =SUM(N179*'Labor Rates'!$B$4+N179) -> 0 | W179: =SUM(P179*'Labor Rates'!$B$4+P179) -> 0 | X179: =SUM(Q179*'Labor Rates'!$B$4+Q179) -> 0 | Y179: =SUM(R179*'Labor Rates'!$B$4+R179) -> 0 | Z179: =SUM(S179*'Labor Rates'!$B$4+S179) -> 0 | AA179: =SUM(T179*'Labor Rates'!$B$4+T179) -> 0 | AB179: =SUM(U179*'Labor Rates'!$B$4+U179) -> 0 | AD179: =SUM(W179*'Labor Rates'!$B$4+W179) -> 0 | AE179: =SUM(X179*'Labor Rates'!$B$4+X179) -> 0 | AF179: =SUM(Y179*'Labor Rates'!$B$4+Y179) -> 0 | AG179: =SUM(Z179*'Labor Rates'!$B$4+Z179) -> 0 | AH179: =SUM(AA179*'Labor Rates'!$B$4+AA179) -> 0 | AI179: =SUM(AB179*'Labor Rates'!$B$4+AB179) -> 0
... A182: Network / Systems Security Engineer - Junior Level | B182: 0 | C182: =+B182+('Labor Rates'!$B$5*B182) -> 0 | D182: 0 | E182: =+D182+('Labor Rates'!$B$5*D182) -> 0 | F182: 0 | G182: =+F182+('Labor Rates'!$B$5*F182) -> 0 | I182: =SUM(B182*'Labor Rates'!$B$4+B182) -> 0 | J182: =SUM(C182*'Labor Rates'!$B$4+C182) -> 0 | K182: =SUM(D182*'Labor Rates'!$B$4+D182) -> 0 | L182: =SUM(E182*'Labor Rates'!$B$4+E182) -> 0 | M182: =SUM(F182*'Labor Rates'!$B$4+F182) -> 0 | N182: =SUM(G182*'Labor Rates'!$B$4+G182) -> 0 | P182: =SUM(I182*'Labor Rates'!$B$4+I182) -> 0 | Q182: =SUM(J182*'Labor Rates'!$B$4+J182) -> 0 | R182: =SUM(K182*'Labor Rates'!$B$4+K182) -> 0 | S182: =SUM(L182*'Labor Rates'!$B$4+L182) -> 0 | T182: =SUM(M182*'Labor Rates'!$B$4+M182) -> 0 | U182: =SUM(N182*'Labor Rates'!$B$4+N182) -> 0 | W182: =SUM(P182*'Labor Rates'!$B$4+P182) -> 0 | X182: =SUM(Q182*'Labor Rates'!$B$4+Q182) -> 0 | Y182: =SUM(R182*'Labor Rates'!$B$4+R182) -> 0 | Z182: =SUM(S182*'Labor Rates'!$B$4+S182) -> 0 | AA182: =SUM(T182*'Labor Rates'!$B$4+T182) -> 0 | AB182: =SUM(U182*'Labor Rates'!$B$4+U182) -> 0 | AD182: =SUM(W182*'Labor Rates'!$B$4+W182) -> 0 | AE182: =SUM(X182*'Labor Rates'!$B$4+X182) -> 0 | AF182: =SUM(Y182*'Labor Rates'!$B$4+Y182) -> 0 | AG182: =SUM(Z182*'Labor Rates'!$B$4+Z182) -> 0 | AH182: =SUM(AA182*'Labor Rates'!$B$4+AA182) -> 0 | AI182: =SUM(AB182*'Labor Rates'!$B$4+AB182) -> 0
A183: Task 5 - Field Engineering Technical Services
A184: Field Engineer - Senior Level | B184: 0 | C184: =+B184+('Labor Rates'!$B$5*B184) -> 0 | D184: 0 | E184: =+D184+('Labor Rates'!$B$5*D184) -> 0 | F184: 0 | G184: =+F184+('Labor Rates'!$B$5*F184) -> 0 | I184: =SUM(B184*'Labor Rates'!$B$4+B184) -> 0 | J184: =SUM(C184*'Labor Rates'!$B$4+C184) -> 0 | K184: =SUM(D184*'Labor Rates'!$B$4+D184) -> 0 | L184: =SUM(E184*'Labor Rates'!$B$4+E184) -> 0 | M184: =SUM(F184*'Labor Rates'!$B$4+F184) -> 0 | N184: =SUM(G184*'Labor Rates'!$B$4+G184) -> 0 | P184: =SUM(I184*'Labor Rates'!$B$4+I184) -> 0 | Q184: =SUM(J184*'Labor Rates'!$B$4+J184) -> 0 | R184: =SUM(K184*'Labor Rates'!$B$4+K184) -> 0 | S184: =SUM(L184*'Labor Rates'!$B$4+L184) -> 0 | T184: =SUM(M184*'Labor Rates'!$B$4+M184) -> 0 | U184: =SUM(N184*'Labor Rates'!$B$4+N184) -> 0 | W184: =SUM(P184*'Labor Rates'!$B$4+P184) -> 0 | X184: =SUM(Q184*'Labor Rates'!$B$4+Q184) -> 0 | Y184: =SUM(R184*'Labor Rates'!$B$4+R184) -> 0 | Z184: =SUM(S184*'Labor Rates'!$B$4+S184) -> 0 | AA184: =SUM(T184*'Labor Rates'!$B$4+T184) -> 0 | AB184: =SUM(U184*'Labor Rates'!$B$4+U184) -> 0 | AD184: =SUM(W184*'Labor Rates'!$B$4+W184) -> 0 | AE184: =SUM(X184*'Labor Rates'!$B$4+X184) -> 0 | AF184: =SUM(Y184*'Labor Rates'!$B$4+Y184) -> 0 | AG184: =SUM(Z184*'Labor Rates'!$B$4+Z184) -> 0 | AH184: =SUM(AA184*'Labor Rates'!$B$4+AA184) -> 0 | AI184: =SUM(AB184*'Labor Rates'!$B$4+AB184) -> 0
A185: Field Engineer - Mid-Level | B185: 0 | C185: =+B185+('Labor Rates'!$B$5*B185) -> 0 | D185: 0 | E185: =+D185+('Labor Rates'!$B$5*D185) -> 0 | F185: 0 | G185: =+F185+('Labor Rates'!$B$5*F185) -> 0 | I185: =SUM(B185*'Labor Rates'!$B$4+B185) -> 0 | J185: =SUM(C185*'Labor Rates'!$B$4+C185) -> 0 | K185: =SUM(D185*'Labor Rates'!$B$4+D185) -> 0 | L185: =SUM(E185*'Labor Rates'!$B$4+E185) -> 0 | M185: =SUM(F185*'Labor Rates'!$B$4+F185) -> 0 | N185: =SUM(G185*'Labor Rates'!$B$4+G185) -> 0 | P185: =SUM(I185*'Labor Rates'!$B$4+I185) -> 0 | Q185: =SUM(J185*'Labor Rates'!$B$4+J185) -> 0 | R185: =SUM(K185*'Labor Rates'!$B$4+K185) -> 0 | S185: =SUM(L185*'Labor Rates'!$B$4+L185) -> 0 | T185: =SUM(M185*'Labor Rates'!$B$4+M185) -> 0 | U185: =SUM(N185*'Labor Rates'!$B$4+N185) -> 0 | W185: =SUM(P185*'Labor Rates'!$B$4+P185) -> 0 | X185: =SUM(Q185*'Labor Rates'!$B$4+Q185) -> 0 | Y185: =SUM(R185*'Labor Rates'!$B$4+R185) -> 0 | Z185: =SUM(S185*'Labor Rates'!$B$4+S185) -> 0 | AA185: =SUM(T185*'Labor Rates'!$B$4+T185) -> 0 | AB185: =SUM(U185*'Labor Rates'!$B$4+U185) -> 0 | AD185: =SUM(W185*'Labor Rates'!$B$4+W185) -> 0 | AE185: =SUM(X185*'Labor Rates'!$B$4+X185) -> 0 | AF185: =SUM(Y185*'Labor Rates'!$B$4+Y185) -> 0 | AG185: =SUM(Z185*'Labor Rates'!$B$4+Z185) -> 0 | AH185: =SUM(AA185*'Labor Rates'!$B$4+AA185) -> 0 | AI185: =SUM(AB185*'Labor Rates'!$B$4+AB185) -> 0
A186: Field Engineer - Junior Level | B186: 0 | C186: =+B186+('Labor Rates'!$B$5*B186) -> 0 | D186: 0 | E186: =+D186+('Labor Rates'!$B$5*D186) -> 0 | F186: 0 | G186: =+F186+('Labor Rates'!$B$5*F186) -> 0 | I186: =SUM(B186*'Labor Rates'!$B$4+B186) -> 0 | J186: =SUM(C186*'Labor Rates'!$B$4+C186) -> 0 | K186: =SUM(D186*'Labor Rates'!$B$4+D186) -> 0 | L186: =SUM(E186*'Labor Rates'!$B$4+E186) -> 0 | M186: =SUM(F186*'Labor Rates'!$B$4+F186) -> 0 | N186: =SUM(G186*'Labor Rates'!$B$4+G186) -> 0 | P186: =SUM(I186*'Labor Rates'!$B$4+I186) -> 0 | Q186: =SUM(J186*'Labor Rates'!$B$4+J186) -> 0 | R186: =SUM(K186*'Labor Rates'!$B$4+K186) -> 0 | S186: =SUM(L186*'Labor Rates'!$B$4+L186) -> 0 | T186: =SUM(M186*'Labor Rates'!$B$4+M186) -> 0 | U186: =SUM(N186*'Labor Rates'!$B$4+N186) -> 0 | W186: =SUM(P186*'Labor Rates'!$B$4+P186) -> 0 | X186: =SUM(Q186*'Labor Rates'!$B$4+Q186) -> 0 | Y186: =SUM(R186*'Labor Rates'!$B$4+R186) -> 0 | Z186: =SUM(S186*'Labor Rates'!$B$4+S186) -> 0 | AA186: =SUM(T186*'Labor Rates'!$B$4+T186) -> 0 | AB186: =SUM(U186*'Labor Rates'!$B$4+U186) -> 0 | AD186: =SUM(W186*'Labor Rates'!$B$4+W186) -> 0 | AE186: =SUM(X186*'Labor Rates'!$B$4+X186) -> 0 | AF186: =SUM(Y186*'Labor Rates'!$B$4+Y186) -> 0 | AG186: =SUM(Z186*'Labor Rates'!$B$4+Z186) -> 0 | AH186: =SUM(AA186*'Labor Rates'!$B$4+AA186) -> 0 | AI186: =SUM(AB186*'Labor Rates'!$B$4+AB186) -> 0
A187: Telecommunications Engineering Specialist - Senior Level | B187: 0 | C187: =+B187+('Labor Rates'!$B$5*B187) -> 0 | D187: 0 | E187: =+D187+('Labor Rates'!$B$5*D187) -> 0 | F187: 0 | G187: =+F187+('Labor Rates'!$B$5*F187) -> 0 | I187: =SUM(B187*'Labor Rates'!$B$4+B187) -> 0 | J187: =SUM(C187*'Labor Rates'!$B$4+C187) -> 0 | K187: =SUM(D187*'Labor Rates'!$B$4+D187) -> 0 | L187: =SUM(E187*'Labor Rates'!$B$4+E187) -> 0 | M187: =SUM(F187*'Labor Rates'!$B$4+F187) -> 0 | N187: =SUM(G187*'Labor Rates'!$B$4+G187) -> 0 | P187: =SUM(I187*'Labor Rates'!$B$4+I187) -> 0 | Q187: =SUM(J187*'Labor Rates'!$B$4+J187) -> 0 | R187: =SUM(K187*'Labor Rates'!$B$4+K187) -> 0 | S187: =SUM(L187*'Labor Rates'!$B$4+L187) -> 0 | T187: =SUM(M187*'Labor Rates'!$B$4+M187) -> 0 | U187: =SUM(N187*'Labor Rates'!$B$4+N187) -> 0 | W187: =SUM(P187*'Labor Rates'!$B$4+P187) -> 0 | X187: =SUM(Q187*'Labor Rates'!$B$4+Q187) -> 0 | Y187: =SUM(R187*'Labor Rates'!$B$4+R187) -> 0 | Z187: =SUM(S187*'Labor Rates'!$B$4+S187) -> 0 | AA187: =SUM(T187*'Labor Rates'!$B$4+T187) -> 0 | AB187: =SUM(U187*'Labor Rates'!$B$4+U187) -> 0 | AD187: =SUM(W187*'Labor Rates'!$B$4+W187) -> 0 | AE187: =SUM(X187*'Labor Rates'!$B$4+X187) -> 0 | AF187: =SUM(Y187*'Labor Rates'!$B$4+Y187) -> 0 | AG187: =SUM(Z187*'Labor Rates'!$B$4+Z187) -> 0 | AH187: =SUM(AA187*'Labor Rates'!$B$4+AA187) -> 0 | AI187: =SUM(AB187*'Labor Rates'!$B$4+AB187) -> 0
A188: Telecommunications Engineering Specialist - Mid-Level | B188: 0 | C188: =+B188+('Labor Rates'!$B$5*B188) -> 0 | D188: 0 | E188: =+D188+('Labor Rates'!$B$5*D188) -> 0 | F188: 0 | G188: =+F188+('Labor Rates'!$B$5*F188) -> 0 | I188: =SUM(B188*'Labor Rates'!$B$4+B188) -> 0 | J188: =SUM(C188*'Labor Rates'!$B$4+C188) -> 0 | K188: =SUM(D188*'Labor Rates'!$B$4+D188) -> 0 | L188: =SUM(E188*'Labor Rates'!$B$4+E188) -> 0 | M188: =SUM(F188*'Labor Rates'!$B$4+F188) -> 0 | N188: =SUM(G188*'Labor Rates'!$B$4+G188) -> 0 | P188: =SUM(I188*'Labor Rates'!$B$4+I188) -> 0 | Q188: =SUM(J188*'Labor Rates'!$B$4+J188) -> 0 | R188: =SUM(K188*'Labor Rates'!$B$4+K188) -> 0 | S188: =SUM(L188*'Labor Rates'!$B$4+L188) -> 0 | T188: =SUM(M188*'Labor Rates'!$B$4+M188) -> 0 | U188: =SUM(N188*'Labor Rates'!$B$4+N188) -> 0 | W188: =SUM(P188*'Labor Rates'!$B$4+P188) -> 0 | X188: =SUM(Q188*'Labor Rates'!$B$4+Q188) -> 0 | Y188: =SUM(R188*'Labor Rates'!$B$4+R188) -> 0 | Z188: =SUM(S188*'Labor Rates'!$B$4+S188) -> 0 | AA188: =SUM(T188*'Labor Rates'!$B$4+T188) -> 0 | AB188: =SUM(U188*'Labor Rates'!$B$4+U188) -> 0 | AD188: =SUM(W188*'Labor Rates'!$B$4+W188) -> 0 | AE188: =SUM(X188*'Labor Rates'!$B$4+X188) -> 0 | AF188: =SUM(Y188*'Labor Rates'!$B$4+Y188) -> 0 | AG188: =SUM(Z188*'Labor Rates'!$B$4+Z188) -> 0 | AH188: =SUM(AA188*'Labor Rates'!$B$4+AA188) -> 0 | AI188: =SUM(AB188*'Labor Rates'!$B$4+AB188) -> 0
A189: Telecommunications Engineering Specialist - Junior Level | B189: 0 | C189: =+B189+('Labor Rates'!$B$5*B189) -> 0 | D189: 0 | E189: =+D189+('Labor Rates'!$B$5*D189) -> 0 | F189: 0 | G189: =+F189+('Labor Rates'!$B$5*F189) -> 0 | I189: =SUM(B189*'Labor Rates'!$B$4+B189) -> 0 | J189: =SUM(C189*'Labor Rates'!$B$4+C189) -> 0 | K189: =SUM(D189*'Labor Rates'!$B$4+D189) -> 0 | L189: =SUM(E189*'Labor Rates'!$B$4+E189) -> 0 | M189: =SUM(F189*'Labor Rates'!$B$4+F189) -> 0 | N189: =SUM(G189*'Labor Rates'!$B$4+G189) -> 0 | P189: =SUM(I189*'Labor Rates'!$B$4+I189) -> 0 | Q189: =SUM(J189*'Labor Rates'!$B$4+J189) -> 0 | R189: =SUM(K189*'Labor Rates'!$B$4+K189) -> 0 | S189: =SUM(L189*'Labor Rates'!$B$4+L189) -> 0 | T189: =SUM(M189*'Labor Rates'!$B$4+M189) -> 0 | U189: =SUM(N189*'Labor Rates'!$B$4+N189) -> 0 | W189: =SUM(P189*'Labor Rates'!$B$4+P189) -> 0 | X189: =SUM(Q189*'Labor Rates'!$B$4+Q189) -> 0 | Y189: =SUM(R189*'Labor Rates'!$B$4+R189) -> 0 | Z189: =SUM(S189*'Labor Rates'!$B$4+S189) -> 0 | AA189: =SUM(T189*'Labor Rates'!$B$4+T189) -> 0 | AB189: =SUM(U189*'Labor Rates'!$B$4+U189) -> 0 | AD189: =SUM(W189*'Labor Rates'!$B$4+W189) -> 0 | AE189: =SUM(X189*'Labor Rates'!$B$4+X189) -> 0 | AF189: =SUM(Y189*'Labor Rates'!$B$4+Y189) -> 0 | AG189: =SUM(Z189*'Labor Rates'!$B$4+Z189) -> 0 | AH189: =SUM(AA189*'Labor Rates'!$B$4+AA189) -> 0 | AI189: =SUM(AB189*'Labor Rates'!$B$4+AB189) -> 0
A190: Telecommunications Equipment Installer and Repairer - Senior Level | B190: 0 | C190: =+B190+('Labor Rates'!$B$5*B190) -> 0 | D190: 0 | E190: =+D190+('Labor Rates'!$B$5*D190) -> 0 | F190: 0 | G190: =+F190+('Labor Rates'!$B$5*F190) -> 0 | I190: =SUM(B190*'Labor Rates'!$B$4+B190) -> 0 | J190: =SUM(C190*'Labor Rates'!$B$4+C190) -> 0 | K190: =SUM(D190*'Labor Rates'!$B$4+D190) -> 0 | L190: =SUM(E190*'Labor Rates'!$B$4+E190) -> 0 | M190: =SUM(F190*'Labor Rates'!$B$4+F190) -> 0 | N190: =SUM(G190*'Labor Rates'!$B$4+G190) -> 0 | P190: =SUM(I190*'Labor Rates'!$B$4+I190) -> 0 | Q190: =SUM(J190*'Labor Rates'!$B$4+J190) -> 0 | R190: =SUM(K190*'Labor Rates'!$B$4+K190) -> 0 | S190: =SUM(L190*'Labor Rates'!$B$4+L190) -> 0 | T190: =SUM(M190*'Labor Rates'!$B$4+M190) -> 0 | U190: =SUM(N190*'Labor Rates'!$B$4+N190) -> 0 | W190: =SUM(P190*'Labor Rates'!$B$4+P190) -> 0 | X190: =SUM(Q190*'Labor Rates'!$B$4+Q190) -> 0 | Y190: =SUM(R190*'Labor Rates'!$B$4+R190) -> 0 | Z190: =SUM(S190*'Labor Rates'!$B$4+S190) -> 0 | AA190: =SUM(T190*'Labor Rates'!$B$4+T190) -> 0 | AB190: =SUM(U190*'Labor Rates'!$B$4+U190) -> 0 | AD190: =SUM(W190*'Labor Rates'!$B$4+W190) -> 0 | AE190: =SUM(X190*'Labor Rates'!$B$4+X190) -> 0 | AF190: =SUM(Y190*'Labor Rates'!$B$4+Y190) -> 0 | AG190: =SUM(Z190*'Labor Rates'!$B$4+Z190) -> 0 | AH190: =SUM(AA190*'Labor Rates'!$B$4+AA190) -> 0 | AI190: =SUM(AB190*'Labor Rates'!$B$4+AB190) -> 0
A191: Telecommunications Equipment Installer and Repairer - Mid-Level | B191: 0 | C191: =+B191+('Labor Rates'!$B$5*B191) -> 0 | D191: 0 | E191: =+D191+('Labor Rates'!$B$5*D191) -> 0 | F191: 0 | G191: =+F191+('Labor Rates'!$B$5*F191) -> 0 | I191: =SUM(B191*'Labor Rates'!$B$4+B191) -> 0 | J191: =SUM(C191*'Labor Rates'!$B$4+C191) -> 0 | K191: =SUM(D191*'Labor Rates'!$B$4+D191) -> 0 | L191: =SUM(E191*'Labor Rates'!$B$4+E191) -> 0 | M191: =SUM(F191*'Labor Rates'!$B$4+F191) -> 0 | N191: =SUM(G191*'Labor Rates'!$B$4+G191) -> 0 | P191: =SUM(I191*'Labor Rates'!$B$4+I191) -> 0 | Q191: =SUM(J191*'Labor Rates'!$B$4+J191) -> 0 | R191: =SUM(K191*'Labor Rates'!$B$4+K191) -> 0 | S191: =SUM(L191*'Labor Rates'!$B$4+L191) -> 0 | T191: =SUM(M191*'Labor Rates'!$B$4+M191) -> 0 | U191: =SUM(N191*'Labor Rates'!$B$4+N191) -> 0 | W191: =SUM(P191*'Labor Rates'!$B$4+P191) -> 0 | X191: =SUM(Q191*'Labor Rates'!$B$4+Q191) -> 0 | Y191: =SUM(R191*'Labor Rates'!$B$4+R191) -> 0 | Z191: =SUM(S191*'Labor Rates'!$B$4+S191) -> 0 | AA191: =SUM(T191*'Labor Rates'!$B$4+T191) -> 0 | AB191: =SUM(U191*'Labor Rates'!$B$4+U191) -> 0 | AD191: =SUM(W191*'Labor Rates'!$B$4+W191) -> 0 | AE191: =SUM(X191*'Labor Rates'!$B$4+X191) -> 0 | AF191: =SUM(Y191*'Labor Rates'!$B$4+Y191) -> 0 | AG191: =SUM(Z191*'Labor Rates'!$B$4+Z191) -> 0 | AH191: =SUM(AA191*'Labor Rates'!$B$4+AA191) -> 0 | AI191: =SUM(AB191*'Labor Rates'!$B$4+AB191) -> 0
A192: Telecommunications Equipment Installer and Repairer - Junior Level | B192: 0 | C192: =+B192+('Labor Rates'!$B$5*B192) -> 0 | D192: 0 | E192: =+D192+('Labor Rates'!$B$5*D192) -> 0 | F192: 0 | G192: =+F192+('Labor Rates'!$B$5*F192) -> 0 | I192: =SUM(B192*'Labor Rates'!$B$4+B192) -> 0 | J192: =SUM(C192*'Labor Rates'!$B$4+C192) -> 0 | K192: =SUM(D192*'Labor Rates'!$B$4+D192) -> 0 | L192: =SUM(E192*'Labor Rates'!$B$4+E192) -> 0 | M192: =SUM(F192*'Labor Rates'!$B$4+F192) -> 0 | N192: =SUM(G192*'Labor Rates'!$B$4+G192) -> 0 | P192: =SUM(I192*'Labor Rates'!$B$4+I192) -> 0 | Q192: =SUM(J192*'Labor Rates'!$B$4+J192) -> 0 | R192: =SUM(K192*'Labor Rates'!$B$4+K192) -> 0 | S192: =SUM(L192*'Labor Rates'!$B$4+L192) -> 0 | T192: =SUM(M192*'Labor Rates'!$B$4+M192) -> 0 | U192: =SUM(N192*'Labor Rates'!$B$4+N192) -> 0 | W192: =SUM(P192*'Labor Rates'!$B$4+P192) -> 0 | X192: =SUM(Q192*'Labor Rates'!$B$4+Q192) -> 0 | Y192: =SUM(R192*'Labor Rates'!$B$4+R192) -> 0 | Z192: =SUM(S192*'Labor Rates'!$B$4+S192) -> 0 | AA192: =SUM(T192*'Labor Rates'!$B$4+T192) -> 0 | AB192: =SUM(U192*'Labor Rates'!$B$4+U192) -> 0 | AD192: =SUM(W192*'Labor Rates'!$B$4+W192) -> 0 | AE192: =SUM(X192*'Labor Rates'!$B$4+X192) -> 0 | AF192: =SUM(Y192*'Labor Rates'!$B$4+Y192) -> 0 | AG192: =SUM(Z192*'Labor Rates'!$B$4+Z192) -> 0 | AH192: =SUM(AA192*'Labor Rates'!$B$4+AA192) -> 0 | AI192: =SUM(AB192*'Labor Rates'!$B$4+AB192) -> 0
A193: Task 6 - Other Cybersecurity Services
A194: Information Security Analyst - Senior Level | B194: 0 | C194: =+B194+('Labor Rates'!$B$5*B194) -> 0 | D194: 0 | E194: =+D194+('Labor Rates'!$B$5*D194) -> 0 | F194: 0 | G194: =+F194+('Labor Rates'!$B$5*F194) -> 0 | I194: =SUM(B194*'Labor Rates'!$B$4+B194) -> 0 | J194: =SUM(C194*'Labor Rates'!$B$4+C194) -> 0 | K194: =SUM(D194*'Labor Rates'!$B$4+D194) -> 0 | L194: =SUM(E194*'Labor Rates'!$B$4+E194) -> 0 | M194: =SUM(F194*'Labor Rates'!$B$4+F194) -> 0 | N194: =SUM(G194*'Labor Rates'!$B$4+G194) -> 0 | P194: =SUM(I194*'Labor Rates'!$B$4+I194) -> 0 | Q194: =SUM(J194*'Labor Rates'!$B$4+J194) -> 0 | R194: =SUM(K194*'Labor Rates'!$B$4+K194) -> 0 | S194: =SUM(L194*'Labor Rates'!$B$4+L194) -> 0 | T194: =SUM(M194*'Labor Rates'!$B$4+M194) -> 0 | U194: =SUM(N194*'Labor Rates'!$B$4+N194) -> 0 | W194: =SUM(P194*'Labor Rates'!$B$4+P194) -> 0 | X194: =SUM(Q194*'Labor Rates'!$B$4+Q194) -> 0 | Y194: =SUM(R194*'Labor Rates'!$B$4+R194) -> 0 | Z194: =SUM(S194*'Labor Rates'!$B$4+S194) -> 0 | AA194: =SUM(T194*'Labor Rates'!$B$4+T194) -> 0 | AB194: =SUM(U194*'Labor Rates'!$B$4+U194) -> 0 | AD194: =SUM(W194*'Labor Rates'!$B$4+W194) -> 0 | AE194: =SUM(X194*'Labor Rates'!$B$4+X194) -> 0 | AF194: =SUM(Y194*'Labor Rates'!$B$4+Y194) -> 0 | AG194: =SUM(Z194*'Labor Rates'!$B$4+Z194) -> 0 | AH194: =SUM(AA194*'Labor Rates'!$B$4+AA194) -> 0 | AI194: =SUM(AB194*'Labor Rates'!$B$4+AB194) -> 0
A195: Information Security Analyst - Mid-Level | B195: 0 | C195: =+B195+('Labor Rates'!$B$5*B195) -> 0 | D195: 0 | E195: =+D195+('Labor Rates'!$B$5*D195) -> 0 | F195: 0 | G195: =+F195+('Labor Rates'!$B$5*F195) -> 0 | I195: =SUM(B195*'Labor Rates'!$B$4+B195) -> 0 | J195: =SUM(C195*'Labor Rates'!$B$4+C195) -> 0 | K195: =SUM(D195*'Labor Rates'!$B$4+D195) -> 0 | L195: =SUM(E195*'Labor Rates'!$B$4+E195) -> 0 | M195: =SUM(F195*'Labor Rates'!$B$4+F195) -> 0 | N195: =SUM(G195*'Labor Rates'!$B$4+G195) -> 0 | P195: =SUM(I195*'Labor Rates'!$B$4+I195) -> 0 | Q195: =SUM(J195*'Labor Rates'!$B$4+J195) -> 0 | R195: =SUM(K195*'Labor Rates'!$B$4+K195) -> 0 | S195: =SUM(L195*'Labor Rates'!$B$4+L195) -> 0 | T195: =SUM(M195*'Labor Rates'!$B$4+M195) -> 0 | U195: =SUM(N195*'Labor Rates'!$B$4+N195) -> 0 | W195: =SUM(P195*'Labor Rates'!$B$4+P195) -> 0 | X195: =SUM(Q195*'Labor Rates'!$B$4+Q195) -> 0 | Y195: =SUM(R195*'Labor Rates'!$B$4+R195) -> 0 | Z195: =SUM(S195*'Labor Rates'!$B$4+S195) -> 0 | AA195: =SUM(T195*'Labor Rates'!$B$4+T195) -> 0 | AB195: =SUM(U195*'Labor Rates'!$B$4+U195) -> 0 | AD195: =SUM(W195*'Labor Rates'!$B$4+W195) -> 0 | AE195: =SUM(X195*'Labor Rates'!$B$4+X195) -> 0 | AF195: =SUM(Y195*'Labor Rates'!$B$4+Y195) -> 0 | AG195: =SUM(Z195*'Labor Rates'!$B$4+Z195) -> 0 | AH195: =SUM(AA195*'Labor Rates'!$B$4+AA195) -> 0 | AI195: =SUM(AB195*'Labor Rates'!$B$4+AB195) -> 0
A196: Information Security Analyst - Junior Level | B196: 0 | C196: =+B196+('Labor Rates'!$B$5*B196) -> 0 | D196: 0 | E196: =+D196+('Labor Rates'!$B$5*D196) -> 0 | F196: 0 | G196: =+F196+('Labor Rates'!$B$5*F196) -> 0 | I196: =SUM(B196*'Labor Rates'!$B$4+B196) -> 0 | J196: =SUM(C196*'Labor Rates'!$B$4+C196) -> 0 | K196: =SUM(D196*'Labor Rates'!$B$4+D196) -> 0 | L196: =SUM(E196*'Labor Rates'!$B$4+E196) -> 0 | M196: =SUM(F196*'Labor Rates'!$B$4+F196) -> 0 | N196: =SUM(G196*'Labor Rates'!$B$4+G196) -> 0 | P196: =SUM(I196*'Labor Rates'!$B$4+I196) -> 0 | Q196: =SUM(J196*'Labor Rates'!$B$4+J196) -> 0 | R196: =SUM(K196*'Labor Rates'!$B$4+K196) -> 0 | S196: =SUM(L196*'Labor Rates'!$B$4+L196) -> 0 | T196: =SUM(M196*'Labor Rates'!$B$4+M196) -> 0 | U196: =SUM(N196*'Labor Rates'!$B$4+N196) -> 0 | W196: =SUM(P196*'Labor Rates'!$B$4+P196) -> 0 | X196: =SUM(Q196*'Labor Rates'!$B$4+Q196) -> 0 | Y196: =SUM(R196*'Labor Rates'!$B$4+R196) -> 0 | Z196: =SUM(S196*'Labor Rates'!$B$4+S196) -> 0 | AA196: =SUM(T196*'Labor Rates'!$B$4+T196) -> 0 | AB196: =SUM(U196*'Labor Rates'!$B$4+U196) -> 0 | AD196: =SUM(W196*'Labor Rates'!$B$4+W196) -> 0 | AE196: =SUM(X196*'Labor Rates'!$B$4+X196) -> 0 | AF196: =SUM(Y196*'Labor Rates'!$B$4+Y196) -> 0 | AG196: =SUM(Z196*'Labor Rates'!$B$4+Z196) -> 0 | AH196: =SUM(AA196*'Labor Rates'!$B$4+AA196) -> 0 | AI196: =SUM(AB196*'Labor Rates'!$B$4+AB196) -> 0
A197: Information Technology Auditor - Senior Level | B197: 0 | C197: =+B197+('Labor Rates'!$B$5*B197) -> 0 | D197: 0 | E197: =+D197+('Labor Rates'!$B$5*D197) -> 0 | F197: 0 | G197: =+F197+('Labor Rates'!$B$5*F197) -> 0 | I197: =SUM(B197*'Labor Rates'!$B$4+B197) -> 0 | J197: =SUM(C197*'Labor Rates'!$B$4+C197) -> 0 | K197: =SUM(D197*'Labor Rates'!$B$4+D197) -> 0 | L197: =SUM(E197*'Labor Rates'!$B$4+E197) -> 0 | M197: =SUM(F197*'Labor Rates'!$B$4+F197) -> 0 | N197: =SUM(G197*'Labor Rates'!$B$4+G197) -> 0 | P197: =SUM(I197*'Labor Rates'!$B$4+I197) -> 0 | Q197: =SUM(J197*'Labor Rates'!$B$4+J197) -> 0 | R197: =SUM(K197*'Labor Rates'!$B$4+K197) -> 0 | S197: =SUM(L197*'Labor Rates'!$B$4+L197) -> 0 | T197: =SUM(M197*'Labor Rates'!$B$4+M197) -> 0 | U197: =SUM(N197*'Labor Rates'!$B$4+N197) -> 0 | W197: =SUM(P197*'Labor Rates'!$B$4+P197) -> 0 | X197: =SUM(Q197*'Labor Rates'!$B$4+Q197) -> 0 | Y197: =SUM(R197*'Labor Rates'!$B$4+R197) -> 0 | Z197: =SUM(S197*'Labor Rates'!$B$4+S197) -> 0 | AA197: =SUM(T197*'Labor Rates'!$B$4+T197) -> 0 | AB197: =SUM(U197*'Labor Rates'!$B$4+U197) -> 0 | AD197: =SUM(W197*'Labor Rates'!$B$4+W197) -> 0 | AE197: =SUM(X197*'Labor Rates'!$B$4+X197) -> 0 | AF197: =SUM(Y197*'Labor Rates'!$B$4+Y197) -> 0 | AG197: =SUM(Z197*'Labor Rates'!$B$4+Z197) -> 0 | AH197: =SUM(AA197*'Labor Rates'!$B$4+AA197) -> 0 | AI197: =SUM(AB197*'Labor Rates'!$B$4+AB197) -> 0
A198: Information Technology Auditor - Mid-Level | B198: 0 | C198: =+B198+('Labor Rates'!$B$5*B198) -> 0 | D198: 0 | E198: =+D198+('Labor Rates'!$B$5*D198) -> 0 | F198: 0 | G198: =+F198+('Labor Rates'!$B$5*F198) -> 0 | I198: =SUM(B198*'Labor Rates'!$B$4+B198) -> 0 | J198: =SUM(C198*'Labor Rates'!$B$4+C198) -> 0 | K198: =SUM(D198*'Labor Rates'!$B$4+D198) -> 0 | L198: =SUM(E198*'Labor Rates'!$B$4+E198) -> 0 | M198: =SUM(F198*'Labor Rates'!$B$4+F198) -> 0 | N198: =SUM(G198*'Labor Rates'!$B$4+G198) -> 0 | P198: =SUM(I198*'Labor Rates'!$B$4+I198) -> 0 | Q198: =SUM(J198*'Labor Rates'!$B$4+J198) -> 0 | R198: =SUM(K198*'Labor Rates'!$B$4+K198) -> 0 | S198: =SUM(L198*'Labor Rates'!$B$4+L198) -> 0 | T198: =SUM(M198*'Labor Rates'!$B$4+M198) -> 0 | U198: =SUM(N198*'Labor Rates'!$B$4+N198) -> 0 | W198: =SUM(P198*'Labor Rates'!$B$4+P198) -> 0 | X198: =SUM(Q198*'Labor Rates'!$B$4+Q198) -> 0 | Y198: =SUM(R198*'Labor Rates'!$B$4+R198) -> 0 | Z198: =SUM(S198*'Labor Rates'!$B$4+S198) -> 0 | AA198: =SUM(T198*'Labor Rates'!$B$4+T198) -> 0 | AB198: =SUM(U198*'Labor Rates'!$B$4+U198) -> 0 | AD198: =SUM(W198*'Labor Rates'!$B$4+W198) -> 0 | AE198: =SUM(X198*'Labor Rates'!$B$4+X198) -> 0 | AF198: =SUM(Y198*'Labor Rates'!$B$4+Y198) -> 0 | AG198: =SUM(Z198*'Labor Rates'!$B$4+Z198) -> 0 | AH198: =SUM(AA198*'Labor Rates'!$B$4+AA198) -> 0 | AI198: =SUM(AB198*'Labor Rates'!$B$4+AB198) -> 0
A199: Information Technology Auditor - Junior Level | B199: 0 | C199: =+B199+('Labor Rates'!$B$5*B199) -> 0 | D199: 0 | E199: =+D199+('Labor Rates'!$B$5*D199) -> 0 | F199: 0 | G199: =+F199+('Labor Rates'!$B$5*F199) -> 0 | I199: =SUM(B199*'Labor Rates'!$B$4+B199) -> 0 | J199: =SUM(C199*'Labor Rates'!$B$4+C199) -> 0 | K199: =SUM(D199*'Labor Rates'!$B$4+D199) -> 0 | L199: =SUM(E199*'Labor Rates'!$B$4+E199) -> 0 | M199: =SUM(F199*'Labor Rates'!$B$4+F199) -> 0 | N199: =SUM(G199*'Labor Rates'!$B$4+G199) -> 0 | P199: =SUM(I199*'Labor Rates'!$B$4+I199) -> 0 | Q199: =SUM(J199*'Labor Rates'!$B$4+J199) -> 0 | R199: =SUM(K199*'Labor Rates'!$B$4+K199) -> 0 | S199: =SUM(L199*'Labor Rates'!$B$4+L199) -> 0 | T199: =SUM(M199*'Labor Rates'!$B$4+M199) -> 0 | U199: =SUM(N199*'Labor Rates'!$B$4+N199) -> 0 | W199: =SUM(P199*'Labor Rates'!$B$4+P199) -> 0 | X199: =SUM(Q199*'Labor Rates'!$B$4+Q199) -> 0 | Y199: =SUM(R199*'Labor Rates'!$B$4+R199) -> 0 | Z199: =SUM(S199*'Labor Rates'!$B$4+S199) -> 0 | AA199: =SUM(T199*'Labor Rates'!$B$4+T199) -> 0 | AB199: =SUM(U199*'Labor Rates'!$B$4+U199) -> 0 | AD199: =SUM(W199*'Labor Rates'!$B$4+W199) -> 0 | AE199: =SUM(X199*'Labor Rates'!$B$4+X199) -> 0 | AF199: =SUM(Y199*'Labor Rates'!$B$4+Y199) -> 0 | AG199: =SUM(Z199*'Labor Rates'!$B$4+Z199) -> 0 | AH199: =SUM(AA199*'Labor Rates'!$B$4+AA199) -> 0 | AI199: =SUM(AB199*'Labor Rates'!$B$4+AB199) -> 0
A200: Information Technology Project Manager - Senior Level | B200: 0 | C200: =+B200+('Labor Rates'!$B$5*B200) -> 0 | D200: 0 | E200: =+D200+('Labor Rates'!$B$5*D200) -> 0 | F200: 0 | G200: =+F200+('Labor Rates'!$B$5*F200) -> 0 | I200: =SUM(B200*'Labor Rates'!$B$4+B200) -> 0 | J200: =SUM(C200*'Labor Rates'!$B$4+C200) -> 0 | K200: =SUM(D200*'Labor Rates'!$B$4+D200) -> 0 | L200: =SUM(E200*'Labor Rates'!$B$4+E200) -> 0 | M200: =SUM(F200*'Labor Rates'!$B$4+F200) -> 0 | N200: =SUM(G200*'Labor Rates'!$B$4+G200) -> 0 | P200: =SUM(I200*'Labor Rates'!$B$4+I200) -> 0 | Q200: =SUM(J200*'Labor Rates'!$B$4+J200) -> 0 | R200: =SUM(K200*'Labor Rates'!$B$4+K200) -> 0 | S200: =SUM(L200*'Labor Rates'!$B$4+L200) -> 0 | T200: =SUM(M200*'Labor Rates'!$B$4+M200) -> 0 | U200: =SUM(N200*'Labor Rates'!$B$4+N200) -> 0 | W200: =SUM(P200*'Labor Rates'!$B$4+P200) -> 0 | X200: =SUM(Q200*'Labor Rates'!$B$4+Q200) -> 0 | Y200: =SUM(R200*'Labor Rates'!$B$4+R200) -> 0 | Z200: =SUM(S200*'Labor Rates'!$B$4+S200) -> 0 | AA200: =SUM(T200*'Labor Rates'!$B$4+T200) -> 0 | AB200: =SUM(U200*'Labor Rates'!$B$4+U200) -> 0 | AD200: =SUM(W200*'Labor Rates'!$B$4+W200) -> 0 | AE200: =SUM(X200*'Labor Rates'!$B$4+X200) -> 0 | AF200: =SUM(Y200*'Labor Rates'!$B$4+Y200) -> 0 | AG200: =SUM(Z200*'Labor Rates'!$B$4+Z200) -> 0 | AH200: =SUM(AA200*'Labor Rates'!$B$4+AA200) -> 0 | AI200: =SUM(AB200*'Labor Rates'!$B$4+AB200) -> 0
A201: Information Technology Project Manager - Mid-Level | B201: 0 | C201: =+B201+('Labor Rates'!$B$5*B201) -> 0 | D201: 0 | E201: =+D201+('Labor Rates'!$B$5*D201) -> 0 | F201: 0 | G201: =+F201+('Labor Rates'!$B$5*F201) -> 0 | I201: =SUM(B201*'Labor Rates'!$B$4+B201) -> 0 | J201: =SUM(C201*'Labor Rates'!$B$4+C201) -> 0 | K201: =SUM(D201*'Labor Rates'!$B$4+D201) -> 0 | L201: =SUM(E201*'Labor Rates'!$B$4+E201) -> 0 | M201: =SUM(F201*'Labor Rates'!$B$4+F201) -> 0 | N201: =SUM(G201*'Labor Rates'!$B$4+G201) -> 0 | P201: =SUM(I201*'Labor Rates'!$B$4+I201) -> 0 | Q201: =SUM(J201*'Labor Rates'!$B$4+J201) -> 0 | R201: =SUM(K201*'Labor Rates'!$B$4+K201) -> 0 | S201: =SUM(L201*'Labor Rates'!$B$4+L201) -> 0 | T201: =SUM(M201*'Labor Rates'!$B$4+M201) -> 0 | U201: =SUM(N201*'Labor Rates'!$B$4+N201) -> 0 | W201: =SUM(P201*'Labor Rates'!$B$4+P201) -> 0 | X201: =SUM(Q201*'Labor Rates'!$B$4+Q201) -> 0 | Y201: =SUM(R201*'Labor Rates'!$B$4+R201) -> 0 | Z201: =SUM(S201*'Labor Rates'!$B$4+S201) -> 0 | AA201: =SUM(T201*'Labor Rates'!$B$4+T201) -> 0 | AB201: =SUM(U201*'Labor Rates'!$B$4+U201) -> 0 | AD201: =SUM(W201*'Labor Rates'!$B$4+W201) -> 0 | AE201: =SUM(X201*'Labor Rates'!$B$4+X201) -> 0 | AF201: =SUM(Y201*'Labor Rates'!$B$4+Y201) -> 0 | AG201: =SUM(Z201*'Labor Rates'!$B$4+Z201) -> 0 | AH201: =SUM(AA201*'Labor Rates'!$B$4+AA201) -> 0 | AI201: =SUM(AB201*'Labor Rates'!$B$4+AB201) -> 0
A202: Information Technology Project Manager - Junior Level | B202: 0 | C202: =+B202+('Labor Rates'!$B$5*B202) -> 0 | D202: 0 | E202: =+D202+('Labor Rates'!$B$5*D202) -> 0 | F202: 0 | G202: =+F202+('Labor Rates'!$B$5*F202) -> 0 | I202: =SUM(B202*'Labor Rates'!$B$4+B202) -> 0 | J202: =SUM(C202*'Labor Rates'!$B$4+C202) -> 0 | K202: =SUM(D202*'Labor Rates'!$B$4+D202) -> 0 | L202: =SUM(E202*'Labor Rates'!$B$4+E202) -> 0 | M202: =SUM(F202*'Labor Rates'!$B$4+F202) -> 0 | N202: =SUM(G202*'Labor Rates'!$B$4+G202) -> 0 | P202: =SUM(I202*'Labor Rates'!$B$4+I202) -> 0 | Q202: =SUM(J202*'Labor Rates'!$B$4+J202) -> 0 | R202: =SUM(K202*'Labor Rates'!$B$4+K202) -> 0 | S202: =SUM(L202*'Labor Rates'!$B$4+L202) -> 0 | T202: =SUM(M202*'Labor Rates'!$B$4+M202) -> 0 | U202: =SUM(N202*'Labor Rates'!$B$4+N202) -> 0 | W202: =SUM(P202*'Labor Rates'!$B$4+P202) -> 0 | X202: =SUM(Q202*'Labor Rates'!$B$4+Q202) -> 0 | Y202: =SUM(R202*'Labor Rates'!$B$4+R202) -> 0 | Z202: =SUM(S202*'Labor Rates'!$B$4+S202) -> 0 | AA202: =SUM(T202*'Labor Rates'!$B$4+T202) -> 0 | AB202: =SUM(U202*'Labor Rates'!$B$4+U202) -> 0 | AD202: =SUM(W202*'Labor Rates'!$B$4+W202) -> 0 | AE202: =SUM(X202*'Labor Rates'!$B$4+X202) -> 0 | AF202: =SUM(Y202*'Labor Rates'!$B$4+Y202) -> 0 | AG202: =SUM(Z202*'Labor Rates'!$B$4+Z202) -> 0 | AH202: =SUM(AA202*'Labor Rates'!$B$4+AA202) -> 0 | AI202: =SUM(AB202*'Labor Rates'!$B$4+AB202) -> 0
A203: Risk and Vulnerability Threat Analyst - Senior Level | B203: 0 | C203: =+B203+('Labor Rates'!$B$5*B203) -> 0 | D203: 0 | E203: =+D203+('Labor Rates'!$B$5*D203) -> 0 | F203: 0 | G203: =+F203+('Labor Rates'!$B$5*F203) -> 0 | I203: =SUM(B203*'Labor Rates'!$B$4+B203) -> 0 | J203: =SUM(C203*'Labor Rates'!$B$4+C203) -> 0 | K203: =SUM(D203*'Labor Rates'!$B$4+D203) -> 0 | L203: =SUM(E203*'Labor Rates'!$B$4+E203) -> 0 | M203: =SUM(F203*'Labor Rates'!$B$4+F203) -> 0 | N203: =SUM(G203*'Labor Rates'!$B$4+G203) -> 0 | P203: =SUM(I203*'Labor Rates'!$B$4+I203) -> 0 | Q203: =SUM(J203*'Labor Rates'!$B$4+J203) -> 0 | R203: =SUM(K203*'Labor Rates'!$B$4+K203) -> 0 | S203: =SUM(L203*'Labor Rates'!$B$4+L203) -> 0 | T203: =SUM(M203*'Labor Rates'!$B$4+M203) -> 0 | U203: =SUM(N203*'Labor Rates'!$B$4+N203) -> 0 | W203: =SUM(P203*'Labor Rates'!$B$4+P203) -> 0 | X203: =SUM(Q203*'Labor Rates'!$B$4+Q203) -> 0 | Y203: =SUM(R203*'Labor Rates'!$B$4+R203) -> 0 | Z203: =SUM(S203*'Labor Rates'!$B$4+S203) -> 0 | AA203: =SUM(T203*'Labor Rates'!$B$4+T203) -> 0 | AB203: =SUM(U203*'Labor Rates'!$B$4+U203) -> 0 | AD203: =SUM(W203*'Labor Rates'!$B$4+W203) -> 0 | AE203: =SUM(X203*'Labor Rates'!$B$4+X203) -> 0 | AF203: =SUM(Y203*'Labor Rates'!$B$4+Y203) -> 0 | AG203: =SUM(Z203*'Labor Rates'!$B$4+Z203) -> 0 | AH203: =SUM(AA203*'Labor Rates'!$B$4+AA203) -> 0 | AI203: =SUM(AB203*'Labor Rates'!$B$4+AB203) -> 0
A204: Risk and Vulnerability Threat Analyst - Mid-Level | B204: 0 | C204: =+B204+('Labor Rates'!$B$5*B204) -> 0 | D204: 0 | E204: =+D204+('Labor Rates'!$B$5*D204) -> 0 | F204: 0 | G204: =+F204+('Labor Rates'!$B$5*F204) -> 0 | I204: =SUM(B204*'Labor Rates'!$B$4+B204) -> 0 | J204: =SUM(C204*'Labor Rates'!$B$4+C204) -> 0 | K204: =SUM(D204*'Labor Rates'!$B$4+D204) -> 0 | L204: =SUM(E204*'Labor Rates'!$B$4+E204) -> 0 | M204: =SUM(F204*'Labor Rates'!$B$4+F204) -> 0 | N204: =SUM(G204*'Labor Rates'!$B$4+G204) -> 0 | P204: =SUM(I204*'Labor Rates'!$B$4+I204) -> 0 | Q204: =SUM(J204*'Labor Rates'!$B$4+J204) -> 0 | R204: =SUM(K204*'Labor Rates'!$B$4+K204) -> 0 | S204: =SUM(L204*'Labor Rates'!$B$4+L204) -> 0 | T204: =SUM(M204*'Labor Rates'!$B$4+M204) -> 0 | U204: =SUM(N204*'Labor Rates'!$B$4+N204) -> 0 | W204: =SUM(P204*'Labor Rates'!$B$4+P204) -> 0 | X204: =SUM(Q204*'Labor Rates'!$B$4+Q204) -> 0 | Y204: =SUM(R204*'Labor Rates'!$B$4+R204) -> 0 | Z204: =SUM(S204*'Labor Rates'!$B$4+S204) -> 0 | AA204: =SUM(T204*'Labor Rates'!$B$4+T204) -> 0 | AB204: =SUM(U204*'Labor Rates'!$B$4+U204) -> 0 | AD204: =SUM(W204*'Labor Rates'!$B$4+W204) -> 0 | AE204: =SUM(X204*'Labor Rates'!$B$4+X204) -> 0 | AF204: =SUM(Y204*'Labor Rates'!$B$4+Y204) -> 0 | AG204: =SUM(Z204*'Labor Rates'!$B$4+Z204) -> 0 | AH204: =SUM(AA204*'Labor Rates'!$B$4+AA204) -> 0 | AI204: =SUM(AB204*'Labor Rates'!$B$4+AB204) -> 0
A205: Risk and Vulnerability Threat Analyst - Junior Level | B205: 0 | C205: =+B205+('Labor Rates'!$B$5*B205) -> 0 | D205: 0 | E205: =+D205+('Labor Rates'!$B$5*D205) -> 0 | F205: 0 | G205: =+F205+('Labor Rates'!$B$5*F205) -> 0 | I205: =SUM(B205*'Labor Rates'!$B$4+B205) -> 0 | J205: =SUM(C205*'Labor Rates'!$B$4+C205) -> 0 | K205: =SUM(D205*'Labor Rates'!$B$4+D205) -> 0 | L205: =SUM(E205*'Labor Rates'!$B$4+E205) -> 0 | M205: =SUM(F205*'Labor Rates'!$B$4+F205) -> 0 | N205: =SUM(G205*'Labor Rates'!$B$4+G205) -> 0 | P205: =SUM(I205*'Labor Rates'!$B$4+I205) -> 0 | Q205: =SUM(J205*'Labor Rates'!$B$4+J205) -> 0 | R205: =SUM(K205*'Labor Rates'!$B$4+K205) -> 0 | S205: =SUM(L205*'Labor Rates'!$B$4+L205) -> 0 | T205: =SUM(M205*'Labor Rates'!$B$4+M205) -> 0 | U205: =SUM(N205*'Labor Rates'!$B$4+N205) -> 0 | W205: =SUM(P205*'Labor Rates'!$B$4+P205) -> 0 | X205: =SUM(Q205*'Labor Rates'!$B$4+Q205) -> 0 | Y205: =SUM(R205*'Labor Rates'!$B$4+R205) -> 0 | Z205: =SUM(S205*'Labor Rates'!$B$4+S205) -> 0 | AA205: =SUM(T205*'Labor Rates'!$B$4+T205) -> 0 | AB205: =SUM(U205*'Labor Rates'!$B$4+U205) -> 0 | AD205: =SUM(W205*'Labor Rates'!$B$4+W205) -> 0 | AE205: =SUM(X205*'Labor Rates'!$B$4+X205) -> 0 | AF205: =SUM(Y205*'Labor Rates'!$B$4+Y205) -> 0 | AG205: =SUM(Z205*'Labor Rates'!$B$4+Z205) -> 0 | AH205: =SUM(AA205*'Labor Rates'!$B$4+AA205) -> 0 | AI205: =SUM(AB205*'Labor Rates'!$B$4+AB205) -> 0
... A211: Subject Matter Expert - Junior Level | B211: 0 | C211: =+B211+('Labor Rates'!$B$5*B211) -> 0 | D211: 0 | E211: =+D211+('Labor Rates'!$B$5*D211) -> 0 | F211: 0 | G211: =+F211+('Labor Rates'!$B$5*F211) -> 0 | I211: =SUM(B211*'Labor Rates'!$B$4+B211) -> 0 | J211: =SUM(C211*'Labor Rates'!$B$4+C211) -> 0 | K211: =SUM(D211*'Labor Rates'!$B$4+D211) -> 0 | L211: =SUM(E211*'Labor Rates'!$B$4+E211) -> 0 | M211: =SUM(F211*'Labor Rates'!$B$4+F211) -> 0 | N211: =SUM(G211*'Labor Rates'!$B$4+G211) -> 0 | P211: =SUM(I211*'Labor Rates'!$B$4+I211) -> 0 | Q211: =SUM(J211*'Labor Rates'!$B$4+J211) -> 0 | R211: =SUM(K211*'Labor Rates'!$B$4+K211) -> 0 | S211: =SUM(L211*'Labor Rates'!$B$4+L211) -> 0 | T211: =SUM(M211*'Labor Rates'!$B$4+M211) -> 0 | U211: =SUM(N211*'Labor Rates'!$B$4+N211) -> 0 | W211: =SUM(P211*'Labor Rates'!$B$4+P211) -> 0 | X211: =SUM(Q211*'Labor Rates'!$B$4+Q211) -> 0 | Y211: =SUM(R211*'Labor Rates'!$B$4+R211) -> 0 | Z211: =SUM(S211*'Labor Rates'!$B$4+S211) -> 0 | AA211: =SUM(T211*'Labor Rates'!$B$4+T211) -> 0 | AB211: =SUM(U211*'Labor Rates'!$B$4+U211) -> 0 | AD211: =SUM(W211*'Labor Rates'!$B$4+W211) -> 0 | AE211: =SUM(X211*'Labor Rates'!$B$4+X211) -> 0 | AF211: =SUM(Y211*'Labor Rates'!$B$4+Y211) -> 0 | AG211: =SUM(Z211*'Labor Rates'!$B$4+Z211) -> 0 | AH211: =SUM(AA211*'Labor Rates'!$B$4+AA211) -> 0 | AI211: =SUM(AB211*'Labor Rates'!$B$4+AB211) -> 0
